ID,title,content,excerpt,createdAt,updatedAt,forumName,forumAlias,gender,topics 
235022153,❄️聖誕妝容推薦❄️ 準備漂亮過節讓你 bling bling 惹人愛！,"這週就是🎄聖誕節惹⛄️
各位卡友們餐廳跟交換禮物都準備好了！
現在應該是萬事俱備 只欠東風
是聖誕妝容啦！！😍
來～不用擔心
小天使幫各位整理了卡友們分享的聖誕妝容
這篇真的要好好閱讀  當天亮麗登場！💖
https://i.imgur.com/JGqeHb2.jpg
這邊也給大家一個Tip
聖誕妝容的精髓在 bling bling✨
眼妝就給他閃到比聖誕樹還閃就對了
幫各位找幾個範例～每個眼妝都是亮晶晶！
https://www.dcard.tw/f/makeup/p/234981678
https://www.dcard.tw/f/makeup/p/234986581
https://www.dcard.tw/f/makeup/p/234986383
https://www.dcard.tw/f/makeup/p/234990246
https://www.dcard.tw/f/makeup/p/234992852
https://www.dcard.tw/f/makeup/p/235013461
https://www.dcard.tw/f/makeup/p/235019881
https://www.dcard.tw/f/makeup/p/235011688
https://www.dcard.tw/f/makeup/p/235010636
https://www.dcard.tw/f/makeup/p/235009101
https://www.dcard.tw/f/makeup/p/235007676
https://www.dcard.tw/f/makeup/p/235006448
https://www.dcard.tw/f/makeup/p/234998833
https://www.dcard.tw/f/makeup/p/234998451
https://www.dcard.tw/f/makeup/p/234998448
https://www.dcard.tw/f/makeup/p/234998324
https://www.dcard.tw/f/makeup/p/235017436
https://www.dcard.tw/f/makeup/p/235017343
等等！不知不覺就找了好多！！
板上的卡友都太優秀了～
看來年末真的是局很多😍（覺得羨慕）
宜用心打扮！

當然也有主題系列
今晚你要蜜🍑還是🦌
https://www.dcard.tw/f/makeup/p/235006917
https://www.dcard.tw/f/makeup/p/234994219
蜜桃帽跟鹿角髮箍都超加分耶！可愛到不行～
看到這邊大家應該都對自己的聖誕妝容有些想法了吧😉
期待大家有個美好的聖誕節夜晚！🎅

再加碼幾個聖誕限量商品
https://www.dcard.tw/f/makeup/p/235004906
https://www.dcard.tw/f/makeup/p/235018533
https://www.dcard.tw/f/makeup/p/235018327
https://www.dcard.tw/f/makeup/p/235007710
還沒選好禮物🎁的～把握這幾天囉！

以上就是本週的精華文～
喜歡這篇文的也不要吝嗇幫小天使按愛心 追蹤追起來👼
有想看的文章主題也都可以留言告訴我唷～💭",這週就是聖誕節惹️，各位卡友們餐廳跟交換禮物都準備好了！，現在應該是萬事俱備 只欠東風，是聖誕妝容啦！！，來～不用擔心，小天使幫各位整理了卡友們分享的聖誕妝容，這篇真的要好好閱讀  當天亮麗登場！，這邊,2020-12-21T07:07:47.084Z,2020-12-21T10:13:21.728Z,美妝,makeup,D,
235021477,🔥#圖多#試色 MAC唇膏眼影底妝失心瘋,"哈摟大家好!🙋🏻
今天是我隔離的最後一天了
來檢討的是我黑五沒忍住爆買了MAC😂
經典黑管唇膏打6折
其他全場7折！
我也默默刷了幾單
把想買的唇膏一次買齊了
還有新品的眼影跟唇膏也納入後宮
先從包裝粉粉的新品唇膏開始！

1. Lipstick / Frosted Firework
#Snowfilter 
https://i.imgur.com/DoU1TZt.jpg
這個包裝超級漂亮的！
珠光白粉的雷射外殼
是個暗莓果紅的水潤唇膏
這隻可能是他整個系列裡面最好看的顏色
不會假潤很保濕
很適合日常上班上學擦

2. Powder Kiss Lipstick
#Stay Curious
https://i.imgur.com/jhRIUof.jpg
質地是很輕薄的粉霧感
缺點是不太能上到口水線
紅調的玫瑰粉豆沙
是個暖暖的紅粉
在手上很紅
但是在唇上偏粉
也是個很適合日常的顏色

3. Powder Kiss Lipstick
#Werk,Werk,Werk
https://i.imgur.com/STQxv34.jpg
帶點玫瑰調的西瓜紅
紅的很溫柔知性
有一點像999的藍調正紅
但999更帶點血色
可以說是稀釋過後的ruby woo 
但是這個質地完勝ruby woo

4. Satin Lipstick 
#Retro
https://i.imgur.com/EQOSYvZ.jpg
在手上是色是濃濃的紅棕色
但是在嘴上薄塗是個帶玫瑰豆沙的棕
秋冬擦很適合
低調又沈穩
棕的剛剛好
而且我個人覺得滿顯白的

5. Amplified Lipstick
#Dubonnet
https://i.imgur.com/TnPQqRF.jpg
Oh wow
是個很好看的中藥紅
薄塗顯氣色
厚塗那一個濃濃的牛血紅可叫一個霸氣
顯白提膚色
好看！

6. Amplified Lipstick
#Smoked Almond
https://i.imgur.com/MvnP5Rv.jpg
裸橘色的奶茶
可能是阿薩姆？
在手上試色很好看
但是我一上嘴就是個會發白的土橘
可能因為我是無紅不歡的女人吧
我不太能理解它的美

7. Cremesheen Lipstick
#Brave Red
https://i.imgur.com/MHaWnVX.jpg
好看的玫紅色
質地水潤
因為是冷調
所以顯白
有點梅子的調

8. Cremesheen Lipstick
#Dare You
https://i.imgur.com/FUk7kIG.jpg
冷豔的深寶石紅
也是蠻顯白的一個顏色
跟Dubonnet 比起來它比較紫紅
Dubonnet 的棕色比較多

9. Love Me Lipstick 
#Bated Breath
https://i.imgur.com/izUfqIo.jpg
在手上平平無奇
就是個紫紫的顏色
但是在嘴上就不一樣
有點茶色有點奶棕
我在其他地方沒看過的顏色
又有點玫瑰
又帶點紅
但是他本人沒有那麼紅
紫色多一點

10. Love Me Lipstick
#E for Effortless
https://i.imgur.com/GZer7tf.jpg
超級好看的漿果血紅！
裡面的血色對黃皮友好
顯白的濃濃紅色
薄塗或是厚塗都很好看
我是喜歡厚塗
嘴唇會變得很飽滿性感

11. Matte Lipstick 
#Marrakesh
https://i.imgur.com/9hxenQQ.jpg
家喻戶曉的Marrakesh
那我也必須擁有
坦白說我當初試在手上的時候
超級土色，可能就在一點點點的紅
我還認為網路上的試色都是騙人的
但是！我今天終於試在嘴唇上
我得向所有人懺悔
天啊我未免也太好看了！
在嘴唇上紅的明顯
棕的很時尚
霧面質地很優雅
是個紅茶色

12. Eye Shadow
#Omega 
https://i.imgur.com/RdqjlyY.jpg
台灣所有的朋友都給我種草Omega 
說他是最適合亞洲人修容的顏色
所以我也買回來了
我覺得修鼻影滿適合的
臉部修容就有點難取粉

14. Extra Dimension Foil Eye Shadow 
#Firewerk the Room
https://i.imgur.com/ZczDIYb.jpg
 你看看那個包裝
看看那個壓紋
看看那個亮片
我的錢包又再度失守
我對閃閃的眼影沒有抵抗力
粉色紅色的眼影更是我的最愛
Firewerk the Room 其實是個棕紅色的古銅珠光色
沒有我想像的那麼正紅
只有偏光是紅色的

15. Extra Dimension Foil Eye Shadow
#Explosive Chemistry 
https://i.imgur.com/xEw3UyI.jpg
滿滿粉色的亮片眼影
粉色珠光
粉色亮片
偏光也是粉色的
整體帶一點紫色

16. Extra Dimension Foil Eye Shadow
#Cooler Than Being Cool
https://i.imgur.com/HtMgiov.jpg
超級閃亮的白色亮片色
白色珠光
雷射反光白亮片
閃到別人睜不開眼睛
沾取少許提亮眼睛
很有仙氣

17. Extra Dimension Skinfinish Poudre Lumiere 
#Double-Gleam
https://i.imgur.com/9Thwtmw.jpg
我觀望很久的一塊打亮
其實我不太常買修容打亮
因為他們每個個頭都很大
一輩子也用不完
但是他在我的購物車裡面住很久了
是個柔和的香檳金色
裡面的白色珠光不多
是為了融合粉底
很自然很好看

18.Strobe Cream Hydratant Lumineux 
#Sliverlite
https://i.imgur.com/eACqpeF.jpg
我VDL的貝殼妝前乳用完了
所以就入手了
我有粉紅色珠光妝前
想試試看白色的
用一陣子再來比較

19. Studio Sculpt SPF15 Foundation Broad Spectrum 
#NW15
https://i.imgur.com/QPbLf7W.jpg
這罐粉底的質地很特別
像是Holika holika藍色蓋子花瓣瓶子的果凍粉底
質地輕薄水潤
我還沒擦他去逛一整天的街
所以沒辦法真心推薦或是滅火
多用幾次再來分享心得

20. Studio Fix Soft Matte Foundation Stick 
#NC2
https://i.imgur.com/viH2hol.jpg
這個粉底我好像買黃了一點
雖然沒有黃的很多但是我自己看不習慣
但是妝感不錯
絲絨又持久
不會乾
皮膚很舒服！

21. Mineralize Timecheck Lotion 
https://i.imgur.com/4U5qeuX.jpg
這是我第一次買MAC家的保養品
櫃姐跟我說這個乳液可以當保養的一步驟
也可以當妝前的保濕
但是當是我在台灣看有點小貴我就沒買了
剛好這次打折有它
就一起買了
用個幾個禮拜再來分享心得

最後附上全家福跟贈品們
https://i.imgur.com/jODmfyT.jpg
https://i.imgur.com/upaxlcO.jpg
買歸買，還是得精打細算的消費
結論：都可以買。
—————————————————————
分享完畢
謝謝有耐心看完的各位
希望2020大家都平安無事，健健康康的
那麼我就繼續瘋狂購物去了
我還會再回來的！（被我家母后拖走
下台一鞠躬
-黑衣紅唇炸雞狂粉 💋
https://www.instagram.com/beautybehindthemaskk/",哈摟大家好！，今天是我隔離的最後一天了，來檢討的是我黑五沒忍住爆買了MAC，經典黑管唇膏打6折，其他全場7折！，我也默默刷了幾單，把想買的唇膏一次買齊了，還有新品的眼影跟唇膏也納入後宮，先從包裝粉粉的,2020-12-21T05:05:27.545Z,2020-12-21T06:22:01.027Z,美妝,makeup,F,
235025010,#吐槽大會 那些我2021絕對不會購入的東西🌚,"Hello又是我ʕ •ᴥ•ʔ 由於最近吐槽大會看太多了 我戲癮上身也很想來吐槽一下 
所以今天來個不一樣的分享- 2020年度雷品分享ಥ_ಥ( ･᷄ὢ･᷅ )

Declaration :
以上純粹我個人的使用感受！！
如果有什麼提到的東西是大家的摯愛 很抱歉冒犯了(⁎⁍̴̛ᴗ⁍̴̛⁎)畢竟毒藥蜜糖論嘛～
（東西還是要自己使用感受最準！！）

1.Chanel 果凍氣墊粉餅

Ummm其實我沒有真的買它 但我為了他可愛的外型去櫃上總共試了它4次 
每次都是大！浮！粉！收場 臉還斑駁到不行o(╯□╰)o 每次回家看到鏡子裡的自己 我都只能用 慘不忍睹 來形容我自己 真不懂為何我那麼執著要挖掘他的好呢><

直到有一次我是左邊試美白氣墊 右邊試果凍氣墊
效果整個成對比
美白氣墊經過一晚上吃肉淋雨的摧殘還是完好無缺(⁎⁍̴̛ᴗ⁍̴̛⁎) 
所以我就去買美白氣墊了(´▽｀)

https://i.imgur.com/tkAx1BU.jpg
https://i.imgur.com/IxppW32.jpg
2.3 放一起講😂
Chanel 山茶花精華液 & Chanel 化妝水
這款化妝水是我去年在英國買的 台灣好像沒有有賣（？）我一直找不到他的中譯😮

先幫他們平反一下 在去年在英國使用時
我搭配這化妝水+山茶花精華+山茶花乳霜
覺得很好用.. 也夠保濕
可能台灣比較沒那麼乾吧！！ 還是我皮膚改變了
最近我真的用的很生氣！
化妝水覺得很黏 不好推 但吸收勉強還可以
但精華液...真的是我最近心目中的雷中之雷
在我臉上完完全全的不吸收！！又黏
好像塗了一層厚厚的東西但皮膚沒有保濕感😓😓😓 
相比之下我用美白的精華就很好吸收😍
擦完摸臉有蓬蓬的水潤感🥰

而且不知道是不是因為這2個月換了這樣的使用方式 我太陽穴旁爆一堆小粉刺😿😿😿

尷尬的是我手上還有山茶花精華小5ml*12=60ml 完全不知道該怎辦😂😂頭很痛心很累💔

https://i.imgur.com/sAlJx7F.jpg

4.百洛 護膚油
本來是想拿來淡化肥胖紋
但 試了幾次後 覺得觸感很油 也推不太開
相比之下克蘭詩的油好推好吸收多了😂
不過價錢差那麼多 這樣比好像也不太公平🤣


對於雷品我只想趕快消耗他們😂😂
不得不說 買保養彩妝品時還是先去櫃上試試看妝感& 拿小樣體驗看看比較好ʕ •ᴥ•ʔ
畢竟看再多心得分享 每個人對產品的感受還是不一樣 自己的親身體驗還是最準的！
買正品前試用也可避免踩雷！畢竟都是$$
當然要讓$$變身的最有價值(´▽｀)～～

那麼大家下次見啦😙
大家有什麼使用過的雷品也可以分享唷！😙😙",Hello又是我ʕ •ᴥ•ʔ 由於最近吐槽大會看太多了 我戲癮上身也很想來吐槽一下，所以今天來個不一樣的分享- 2020年度雷品分享ಥ_ಥ（ ･᷄ὢ･᷅ ），Declaration ：以上純粹我個人的使用,2020-12-21T14:45:24.926Z,2020-12-21T14:45:24.926Z,美妝,makeup,F,
235022346,#分享 日常上學眼妝٩(˃̶͈̀௰˂̶͈́)و,"大家午安
今天想跟大家分享三個日常上學眼妝

第一跟第二個都是用NYX的warm neutrals這盤十六色眼影完成～這真的很好用而且也不會亂飛粉！
這是第一個眼妝完妝照
https://i.imgur.com/X6rUJDw.jpg

我是用1打底整個眼窩
2用來打底眼皮
3用來畫眼尾（上下都畫）
4是帶點亮亮的感覺所以抹在眼睛前半段
就完成了～也不需要花太多時間
https://i.imgur.com/09dGYlZ.jpg

然後臥蠶的部分是用3ce的這支畫的
他很亮也不容易掉～～超喜歡
https://i.imgur.com/oj37R3f.jpg

第二個眼妝完妝照
https://i.imgur.com/RLH7lWJ.jpg

跟上面的步驟一樣
也是用1打底整個眼窩
2用來打底眼皮
3用來畫眼尾（上下都畫）
4是帶點亮亮的感覺所以抹在眼睛前半段
就完成了！
只是這個眼妝用比較橘也比較淡的顏色所以想要很顯妝感要下手重一點～～
https://i.imgur.com/Fs62dKc.jpg

最後一個眼妝是用最近新買的眼影完成
https://i.imgur.com/CA5kq4x.jpg

他只有雙色不過也很簡單
只要用霧面的部分打底整個眼皮
眼尾可以加重一些
用刷子沾亮片的部分畫臥蠶
雖然這個眼妝兩個步驟就完成了
但真的怕失手
尤其亮片有點容易失控
我試了好幾天才成功∑(ﾟДﾟ)
https://i.imgur.com/NFpNp7v.jpg

今天的日常眼妝就分享到這裡ㄌ
我自己是最喜歡第一個～
因為有粉粉的感覺(⁎⁍̴̛ᴗ⁍̴̛⁎)
謝謝大家",大家午安，今天想跟大家分享三個日常上學眼妝，第一跟第二個都是用NYX的warm neutrals這盤十六色眼影完成～這真的很好用而且也不會亂飛粉！，這是第一個眼妝完妝照，我是用1打底整個眼窩，2用來打,2020-12-21T07:37:10.545Z,2020-12-21T07:37:10.545Z,美妝,makeup,F,
235021551,#分享 來一朵煙灰玫瑰，HERA #499,"嗨嗨大家好～～
先來一張人間香奈兒當鎮樓圖(⁎⁍̴̛ᴗ⁍̴̛⁎)
https://i.imgur.com/6QERC2W.jpg
是滴！今天要分享的是煎妮代言的HERA，海報色#499 ROSY SUEDE 
在小紅書上被燒到，雖然小紅書看試色要打八折，但還是下手叻！一些衝動購物：）

因為台灣沒有進，於是苦等代購一個月後終於拿到手(⁎⁍̴̛ᴗ⁍̴̛⁎)
先說外觀，完全我的菜，瓶身霧面磨砂，雖然蓋子頭塑膠感頗重但不減她的美貌～擺在桌上也賞心悅目(˶‾᷄ ⁻̫ ‾᷅˵)
https://i.imgur.com/mzEHs5Z.jpg
刷頭算是我用過的唇釉裡算粗的，圓圓胖胖（？ 但不會很難塗，就是如果要仔細描繪邊緣的時候比較容易小失手∠( ᐛ 」∠)＿


接著奉上試色照💁🏻‍♀️💁🏻‍♀️💁🏻‍♀️
📍用i8原相機拍攝/無濾鏡/唇周磨皮📍
https://i.imgur.com/f9fmKqR.jpg
https://i.imgur.com/CrCjDJZ.jpg
499是一個揉和煙灰色的乾燥玫瑰色，我覺得我擦起來跟海報不太一樣，紅的感覺比海報更少，更像是藕粉色、彩度比較低，是一個很穩重很知性的顏色！可能我光源在前方的關係，拍起來比較淺亮一點，煙灰的感覺被光吃掉ㄌ，但肉眼看跟色塊圖的顏色是接近！

我覺得我前鏡頭拍的更像實際的顏色🔻
https://i.imgur.com/Re42kSD.jpg
🌟這支是霧面唇釉，質地是奶霜狀的，很容易就抹開抹勻，是滑順的那種～不會卡在唇縫裡！但畢竟還是霧面唇釉，顯唇紋就不用說ㄌ∠( ᐛ 」∠)＿

然後他有一個香香的味道，韓國化妝品好像都會香香🤣我自己覺得是好聞的！淡淡的不會很重，但會介意香味的還是斟酌一下喲！

總體來說我可以給她90分！這幾天都擦HERA,還把她擺在桌上看到就覺得美哈哈哈哈，可以說是衝動購物大成功(⁎⁍̴̛ᴗ⁍̴̛⁎)

那以上！薩油那拉🙉🙉",嗨嗨大家好～～先來一張人間香奈兒當鎮樓圖（⁎⁍̴̛ᴗ⁍̴̛⁎），是滴！今天要分享的是煎妮代言的HERA，海報色#499 ROSY SUEDE，在小紅書上被燒到，雖然小紅書看試色要打八折，但還是下手叻！一些衝動,2020-12-21T05:16:38.008Z,2020-12-21T05:19:09.051Z,美妝,makeup,F,
235026845,毛孔人必備的幾樣小可愛們✍,"身為毛孔人，只要能讓毛孔縮小一咪咪
都是讓人值得開心的事情阿～😙
自己除了有固定使用針對毛孔的保養品外，底妝產品也都會特別挑選
下雨宅在家就來分享一下我的幾款愛物們
https://i.imgur.com/to2aSsb.jpg

先從我的日常保養開始介紹
https://i.imgur.com/wTXQ8Tb.jpg
Labo Labo毛孔緊膚水/Dr.Wu杏仁酸
我自己屬於混油偏乾，Labo Labo毛孔緊膚水也就是大家俗稱的小銀蓋
質地清爽不黏膩，有涼涼的味道，除了可以緊緻毛孔外，也可以抑制油光
我自己習慣倒在化妝棉濕擦整臉，很舒服，偶爾會濕敷臉頰兩側
用起來很舒服，出油速度也有減緩
https://i.imgur.com/ZHvDXXs.jpg
Dr.Wu杏仁酸我自己是一週使用二到三次，這部分看個人習慣
我是針對容易堆積粉刺的地方加強使用
薄擦效果就很好，不過要注意的就是使用後的保濕工作要做確實
不然就會有脫皮的狀況發生～

再來就是底妝部分，我自己日常妝容蠻簡單的
尤其現在冬季，因為疫情關係公眾場合要戴口罩
基本上我都是妝前乳＋粉餅，再配上美唇油就完工
FIT ME反孔妝前乳是我近期愛將，毛孔的柔焦效果很不錯
而且也不會跟後面的底妝有打架或是起屑的問題
使用後毛孔有被填補撫平，臉上的油光也有被消去
是呈現微霧面的感覺
⚠以下有坑疤毛孔使用前後對比圖，有圖慎入喔～
https://i.imgur.com/P3Y6pEU.jpg
我自己妝前如果有用這條，除了縮毛孔有感，控油力也足夠，持妝度比較好
不容易脫妝斑駁，整體來說我覺得蠻喜歡的
偶爾發懶也會直接擦上這條就出門，讓氣色不那麼糟
https://i.imgur.com/IM9HhMY.jpg
附上近期上妝的照片，有使用粉餅輕輕壓過整臉
再上唇膏就是有氣色的日常妝容
就算賴床十分鐘也可以搞定出門XD
 
以上分享給大家囉！祝福大家年尾都過得順心～",身為毛孔人，只要能讓毛孔縮小一咪咪，都是讓人值得開心的事情阿～自己除了有固定使用針對毛孔的保養品外，底妝產品也都會特別挑選，下雨宅在家就來分享一下我的幾款愛物們，先從我的日常保養開始介紹，Labo L,2020-12-22T00:38:00.446Z,2020-12-22T00:38:00.446Z,美妝,makeup,F,
235025318,舊款焦糖拿鐵的替代品,"在康是美快打烊的時候 衝了一波他們的99元唇膏
也不想造成店員困擾 於是也沒試色拿了一隻顏色看起來滿美的solone 經典極癮唇膏203就結帳
沒想到挖到寶了🤩
https://i.imgur.com/8vvwMLR.jpg
焦糖拿鐵新版的顏色我真的沒有很愛 整體偏紅
還是比較喜歡舊的 所以一直沒丟掉即便用到只剩一點點
而solone 經典極癮唇膏203，照片上雖然不明顯，但跟舊款焦糖拿鐵是幾乎一模一樣！
而且我覺得滋潤程度比舊款好跟新款差不多👍
現在找到替代品了 舊款終於可以壽終正寢",在康是美快打烊的時候 衝了一波他們的99元唇膏，也不想造成店員困擾 於是也沒試色拿了一隻顏色看起來滿美的solone 經典極癮唇膏203就結帳，沒想到挖到寶了🤩，焦糖拿鐵新版的顏色我真的沒有很愛 整體,2020-12-21T15:29:36.622Z,2020-12-21T15:29:36.622Z,美妝,makeup,F,
235021107,🔥3CE官網九宮格眼影盤買一送一 RIGHT NOW!!!,"就是現在！！！
官網聖誕優惠 11:00-15:00
今天是九宮格眼影盤/霧面唇釉
買一送一🔥🔥🔥
等於一盤overtake只要590🙀🙀

https://i.imgur.com/zwBIIjg.jpg
新註冊會員官網送80摳優惠金
好像是滿千免運
只有買兩盤九宮格眼影也免運喔~~",就是現在！！！，官網聖誕優惠 11：00-15：00，今天是九宮格眼影盤/霧面唇釉，買一送一，等於一盤overtake只要590，新註冊會員官網送80摳優惠金，好像是滿千免運，只有買兩盤九宮格眼影也免,2020-12-21T03:57:57.576Z,2020-12-21T03:57:57.576Z,美妝,makeup,M,
235023535,#分享 ［長文］盲買🇰🇷韓國5支唇膏來跟你們分享囉～,"🦖平常在滑IG的時候，常常會看到各國唇膏的試色照片，也在收藏裡儲存了一大堆唇膏名單，所以這次就想了新的企劃，嘗試盲買不同國家的唇膏來寫分享文章～
先說這五支唇彩不是在同天時間拍攝，所以會有光線的落差，先在這裡提醒一下大家❤️❤️

🦖這次就從「韓國」開始，完全沒有上網查評價，購買標準單純就是看包裝🤣🤣
-
先附上能吸引你們來看的首圖：
https://i.imgur.com/aQe1KsJ.jpg
-
🦖以下為5支韓國唇膏盲買心得，分別為：
https://i.imgur.com/3LqJxVN.jpg
💄Black Rouge 空氣絲絨唇釉 A24
💄Moonshot Tintfit Blur 504 濃郁紅絲絨
💄Nature Republic 絲絨染唇筆 03
💄Peripera 墨水潤色精華唇膏 05肉桂紅茶
💄Black Rouge 塔羅牌奶油霧面唇釉 CM06
-
🦖正文開始
-
🦖Black rouge 
空氣絲絨唇釉 A24
https://i.imgur.com/evlnjyx.jpg
使用心得：
1. 包裝表面原本有他們品牌燙金字樣，但是會因為摸著摸著就消失了。
2. 剛塗上是半霧面妝效，全乾後為全霧面妝效。
https://i.imgur.com/qpRd4Fx.jpg
（薄擦）
https://i.imgur.com/VGJlK7n.jpg
（厚擦/半乾）
https://i.imgur.com/ZeQflXS.jpg
（厚擦/全乾）
3. 很好塗抹也很好暈染。
4. 全乾後隱藏唇紋能力非常好。
5. 上唇很舒適、不乾、不起皮、不黏，膏體不會位移，嘴唇會有種絨絨的感覺。
6. 水滴形的刷頭是我心中大愛，一次沾取的量不會過多也不會過少，尖頭的地方又能很好描繪細節。
https://i.imgur.com/rI1X65G.jpg
7. 有很甜的糖果味，上唇會聞到。
8. 遮蓋唇色約6成，唇周暗沈會透出顏色。
9. 乾後幾乎不會轉印，吃零食喝水都不會掉，但是吃正餐後還是需要補妝。
10. 唇膏底色會透出微微的橘色。
https://i.imgur.com/D2BFtx2.jpg
-
🦖Moonshot 
Tintfit Blur 504 濃郁紅絲絨
https://i.imgur.com/YO42Z9k.jpg
使用心得：
1. 絲絨妝效，不死霧。
https://i.imgur.com/w6v90qU.jpg
（薄擦）
https://i.imgur.com/9hTOEE8.jpg
（厚擦）
2. 非常好塗抹，沾取一次就能完妝。
3. 刷頭有點粗小比較難描繪細節。
https://i.imgur.com/HwLRH9y.jpg
4. 蠻重的水果軟糖味道，上唇後還聞得到，但是過一陣子會消失。
5. 唇色遮蓋的能力約8-9成（厚塗的狀況）
6. 色彩飽和度蠻高的。
https://i.imgur.com/0UJ1Qbh.jpg
7. 不黏、很舒適、抿嘴膏體不會位移、不乾、不起皮。
8. 吃東西喝水都會轉印，不至於全掉，但是吃正餐或較油的食物就需要補妝了。
-
🦖Nature Republic 
絲絨染唇筆 03
https://i.imgur.com/m5zThRo.jpg
使用心得：
1. 全霧妝效，霧化唇周線條能力很好。
https://i.imgur.com/D8QUEm1.jpg
（薄擦）
https://i.imgur.com/aOo9XlP.jpg
（厚擦）
2. 塗完會有豐唇的感覺。
https://i.imgur.com/Hpjlr8V.jpg
3. 質地很滑順很好暈染、不乾、不起皮、不會變酸梅嘴，但如果你唇部較敏感的人，使用這支可能會有熱熱的感覺。
4. 乾得非常快，所以塗的速度要快。
https://i.imgur.com/leaoXwe.jpg
5. 雖然乾的很快，但是會轉印。
6. 隱藏唇紋能力非常好，整個讓你的嘴唇開美肌！
7. 海綿刷頭超硬，不是很懂他設計海綿的用意，而且一次要轉出蠻多量才能完妝。
https://i.imgur.com/b2djRDQ.jpg
8. 味道有雜貨店10塊棒棒糖的味道，上唇後還聞得到，非常明顯。
9. 顏色飽和度中上
10. 遮蓋唇色能力約8成。
11. 吃東西喝水都會轉印，吃完正餐需稍微補妝。
12. 非常適合拿來當打底色！！
https://i.imgur.com/I4Br4lm.jpg

🦖Peripera 
墨水潤色精華唇膏 05 肉桂紅茶
https://i.imgur.com/zOT25GR.jpg
使用心得：
1. 包裝設計是像文具店賣的轉轉蠟筆加上琉璃光外殼，超美！
https://i.imgur.com/q3NtLBt.jpg
2. 很像護唇膏的質地，使用起來很舒服。
3. 很滑順，不會拉扯嘴唇。
4. 沒有特殊味道。
5. 微微水潤的光澤，不是豬油拌飯那種，我超喜歡這種低調光澤。
https://i.imgur.com/YcQtfut.jpg
6. 對於滋潤型唇膏來說，色彩飽和度很高。
7. 遮蓋唇色程度約7成。（厚擦的狀態）
https://i.imgur.com/tb1ckpx.jpg
8. 抿嘴膏體不會位移。
9. 很保濕，唇況不好的人也能使用，光澤會隨著你講話喝水慢慢消失。
10. 超容易轉印，畢竟是水潤型唇膏，可以當潤色護唇膏來補妝。
https://i.imgur.com/EAfbOYM.jpg
-
🦖Black rouge 
塔羅牌奶油霧面唇釉 CM06
https://i.imgur.com/21kGLOL.jpg
使用心得：
1. 霧面磨沙的包裝加上塔羅牌的蓋子，看起來超神秘。
2. 刷頭很難用，因為太軟不好控制。
https://i.imgur.com/wbL47A5.jpg
3. 質地是屬於很泥狀的膏體，不滑順也不太好暈染。
4. 薄擦顏色比較像有點深的桃紅色。
https://i.imgur.com/XIPoDmG.jpg
（薄擦）
https://i.imgur.com/f6FFqEV.jpg
（厚擦）
5. 有一點點香味，但不是糖果類型的味道，上唇後幾乎是聞不到。
6. 這個顏色跟質地很適合做漸層唇，因為不會過度滑順而造成漸層效果不明顯。
https://i.imgur.com/PHQXkfG.jpg
（用它做嘴唇內部漸層）
7. 質地有點厚重，上唇感受蠻明顯的。
https://i.imgur.com/IlzVjpY.jpg
8. 隱藏唇紋的能力很普通，但也不會讓你變成酸梅嘴。
-
🦖手部試色
https://i.imgur.com/DrKJmhO.jpg

🦖卸妝水擦拭一次看染唇效果
https://i.imgur.com/kgQePDY.jpg

🦖轉印的程度
https://i.imgur.com/nqaOi7l.jpg

🦖總結：
在沒有爬文的狀況下盲買這5支唇膏，雖然有幾支有小小缺點，但是都沒有到地雷的狀態，只能說韓國的彩妝真的做得很好，不只在包裝或內容物都可圈可點。

🦖第一次一次寫5支唇膏心得跟拍照片，有種焦頭爛額的感覺，花了一段時間做整理，希望裡面有你們正在觀望的唇膏。❤️ 

🦖有想看哪一國的唇膏都能告訴我，只是我需要思考一下其他國家的唇膏該怎麼購入才是。🤔🤔

卡稱：佛系唇模

https://instagram.com/i_am_lip_model",🦖平常在滑IG的時候，常常會看到各國唇膏的試色照片，也在收藏裡儲存了一大堆唇膏名單，所以這次就想了新的企劃，嘗試盲買不同國家的唇膏來寫分享文章～先說這五支唇彩不是在同天時間拍攝，所以會有光線的落差，先,2020-12-21T10:56:19.212Z,2020-12-21T10:56:19.212Z,美妝,makeup,M,
235029187,#分享 約會必備桃花眼妝💐-完美日記錦鯉盤,"哈囉大家好這裡是最近很高產的兔子🐰
之後可能就不會這麼常發文了
想趕快把手邊能分享的產品分享出來！

先上首圖
https://i.imgur.com/x1iGu8E.jpg

❗️此為中國彩妝，介意者勿購買或攻擊❗️
❗️此為中國彩妝，介意者勿購買或攻擊❗️
❗️此為中國彩妝，介意者勿購買或攻擊❗️
很重要所以說三遍 不希望看到留言區吵架！

我真的超級喜歡這個眼妝的(⁎⁍̴̛ᴗ⁍̴̛⁎)
那就廢話不多說趕緊分享吧！
-
https://i.imgur.com/C1jQ8yW.jpg
這盤的顏值真的很高 
當初就是被包裝跟配色燒到一個不要不要的
上面的錦鯉花紋用凹凸面的拼接色呈現
真的很好看(｡･ω･｡)ﾉ

https://i.imgur.com/Jf5fg8H.jpg
裡面的配色讓我想到Sweet talk
那種桃粉橘色的配色讓人感覺很溫柔～

-
https://i.imgur.com/NZDJTWS.jpg
手上刷色的部分～
粉質部分表現的很優秀 很好暈染
顯色度中等偏上 重點是這些神仙亮片色
最愛那個紫色魚鱗偏光色 真的美爆！
再在中間疊加大亮片色 整個眼妝會變得很特別
總之這盤我真的只能用超喜歡來形容o(^▽^)o

-
✨眼妝教學✨
https://i.imgur.com/VkumhDw.jpg
💐1號色打底整個上下眼皮讓底色乾淨
💐2號色沿著睫毛根部慢慢往上暈染到界線
臥蠶整個鋪滿2號色
💐3號色化在睫毛根部讓眼影產生漸層感
下睫毛後段也上3號色
💐4號色暈染眼尾小塊範圍加眼頭前端範圍

https://i.imgur.com/tUhX4Bk.jpg
💐5號偏光亮片色上在眼皮正中央跟臥蠶中間
💐6號大亮片色上在最突出的地方點綴
💐7號色收斂眼頭以及眼尾 下眼後段也上
然後用Kate 眼線膠筆+艾杜紗 睫毛打底膏
就完成眼妝啦！
https://i.imgur.com/RVCtzPL.jpg
-
https://i.imgur.com/esboKp6.jpg
介紹就到這裡結束啦！
有任何問題歡迎底下討論喲～",哈囉大家好這裡是最近很高產的兔子，之後可能就不會這麼常發文了，想趕快把手邊能分享的產品分享出來！，先上首圖，️此為中國彩妝，介意者勿購買或攻擊️，️此為中國彩妝，介意者勿購買或攻擊️，️此為中國彩妝，介意者勿購,2020-12-22T08:35:30.926Z,2020-12-22T08:36:44.262Z,美妝,makeup,F,
235025794,#分享 護膚邀請 我在CHANEL把錢錢變成這樣,"最近真的太忙了，導致之前買的東西都還沒來得及分享發文
但，這篇我一定要抽出時間先發🤣

前陣子我的CHANEL天使櫃姐曼曼問我最近有沒有空，因為他想邀請我去體驗他們家的護膚
我當下真的受寵若驚！！！
說真的，看我之前的文章就知道我都買彩妝居多
根本談不上什麼「大戶」大貴啊啊啊～😂
但我的天使櫃姐真的對我很好！！！
托他的福，身為超奈米小朋友的我在進入CHANEL這個坑差不多兩個月左右就已經參加過兩次活動（包含這次）🤍

護膚室，台北只有101跟忠孝SOGO才有
而101主要是販售護膚課程，手技跟過程都是跟法國那邊一樣
忠孝則是針對受邀客人做服務，屬於簡單版本的
這個護膚是需要由櫃姐/哥邀請才能參加
並不是單次或累積明確消費多少就能提供的喔
（以上資訊如有說錯，歡迎內行人/高手指教🙏🏻）

約定好的前一天還收到提醒簡訊
頓時有一種滿滿的儀式感🥰
當天抵達時先去櫃上報到，曼曼把我交給護膚老師婉瑜之後
我們就一起去百貨樓上準備護膚！！！

護膚室不算大，但應有盡有
https://i.imgur.com/AftNHQR.jpg
也有產品的展示
https://i.imgur.com/lsHrYkI.jpg
護膚室裡面還有一個沙發區
護膚老師婉瑜先是給我一瓶水之後
開始詢問我平常的保養方式及使用的產品
並且同時在CHANEL的護膚計畫表上做紀錄
我也很明確表明我的保養品都不是他們家的
但最近有開始使用他們家的珍珠光感凈白角質調理水以及3.5DA彈力緊緻活萃唇霜
婉瑜針對這兩個產品也有特別詢問我使用感受以及使用方式
因為我的天使櫃姐曼曼之前跟我說明產品的時候，使用方式跟注意事項都說的很詳細，所以在我回答之後
婉瑜也表示使用方式正確，沒有太大問題
並針對唇霜還多提供了幾招使用方法～
https://i.imgur.com/CLSl596.jpg
整間護膚室只有一張護膚床
完全不用擔心自己的打呼聲會打擾到隔壁🤣🤣🤣
而床上還有浴袍（？）髮帶跟拖鞋
除了拖鞋之外都印有CHANEL的LOGO
婉瑜請我先洗個手
https://i.imgur.com/2A7jWg0.jpg
洗手時使用的是他們家的沐浴精～
泡泡很細緻，香味很迷人～就是一個療癒！
還準備了小毛巾給我擦手☺️☺️☺️
洗好手婉瑜請我先換裝他到外面等我
還怕我會冷還幫我先開好電毯（床都暖暖的）

搭啦啦啦啦～
調好燈光，放好音樂
就在一個燈光美、氣氛佳的環境下正式進入護膚階段啦☺️
護膚要使用的產品都是根據我的需求跟在乎的點去選擇
婉瑜也都有先跟我說明每一個步驟要使用的產品以及產品的優點
原本是可以放鬆休息的，但因為我是個好奇寶寶
所以整個過程都一直針對每一個步驟使用的產品發問🤣🤣
而且護膚不只是臉部而已喔！
在敷臉的過程中，連肩頸跟手臂都有使用玫瑰身體舒緩油幫我加以按摩
只能說，這個享受真的是滿滿滿滿滿🤍
婉瑜還誇我保養做的很足，皮膚養的很好🤣🥰☺️
護膚完畢就是換裝回櫃上上妝啦～～

在護膚室裡面有香奈兒保養品全系列的產品
包含真的含「金」量有點高的奢華精質系列都可以讓你用好用滿～
如果這個抽屜就在我家，好像光看著它皮膚就會變好了
療（錢）癒（錢）果然是最好的保養品！！！！（誤）🤣🤣
https://i.imgur.com/toW1lfG.jpg
回到櫃上後，護膚老師跟櫃姐曼曼講了一下我的膚況以及剛剛使用過的產品（一種交接儀式？）🤣
也提到了我在乎跟想要改善的肌膚問題，然後就先到旁邊在護膚計劃表上幫我寫產品備註，讓曼曼可以幫我上妝
因為我打算直接回家，加上護膚最後一個步驟時也上了防曬
我就跟曼曼說不用上妝了啦～～
順便讓那些錢錢
欸，不是！我是說產品，可以在臉上好好吸收跟發揮
但是曼曼還是幫我修了眉毛🤍
（沒錯！這是我第二次被曼修眉毛了～～～）
護膚老師拿護膚計劃表回來的時候，上面已經寫得很仔細
使用的量、是否需要搭配化妝棉以及各個使用注意事項
比我上學時的筆記還誇張🤣
再做一個簡單的交代後，護膚老師就功臣身退啦～～
（內心大喊著：老師！！很高興認識你，今天謝謝妳😭）

划重點，整個過程都沒有任何推銷
完全就是讓你全身心都好好體驗產品再美美地上個妝
但是，產品這麼好用怎麼可能不買！！！！
於是陪了我一下午的錢錢終於要登場變裝了
https://i.imgur.com/N5Xz16Y.jpg
這兩個產品都是今天體驗時有使用到的🤍
而山茶花保濕微導入精華液是之前就有拿過試用自己也蠻喜歡的產品
為了不要讓驚喜禮（贈品/試用品）混淆重點
所以我就只拍產品本人而已囉
但我真的要說，我的櫃姐曼曼各個方面真的就是天使🤍🤍🤍

另外，
我一定要狠狠誇一下這個奢華精質面膜
我是乾肌，雖然這款面膜會像精油化開在臉上
但敷的當下沒有油膩悶感
而且因為我的肌膚算養的蠻健康的（自己講）
其實在敷的過程中就已經被肌膚吸收的很完全了
回家後，因為有擦防曬的關係
我還是有卸妝洗臉
媽呀😱😱😱那個嫩感還是一點都沒消失！！
就在我打文章的現在，我的臉還是一樣嫩！！
不虧是熬夜的好幫手～熬夜大王如我
這產品真的買的值得值得👏🏻👏🏻👏🏻👏🏻👏🏻👏🏻
（錢錢表示：那就好😚）",最近真的太忙了，導致之前買的東西都還沒來得及分享發文，但，這篇我一定要抽出時間先發🤣，前陣子我的CHANEL天使櫃姐曼曼問我最近有沒有空，因為他想邀請我去體驗他們家的護膚，我當下真的受寵若驚！！！，說,2020-12-21T16:31:27.840Z,2020-12-22T00:02:51.700Z,美妝,makeup,F,
235026239,#分享 我終於...,"https://i.imgur.com/HwxCr6L.jpg
再我苦練了2個月
我終於第一次霧成功了
每天練到半夜才睡覺
我知道還是有很多不足的地方
但是
看到每天自己的進步就很開心😆

這個是剛開始練習沒多久的眉毛
https://i.imgur.com/Vq7spAv.jpg

苦練了2個月的眉毛
https://i.imgur.com/FRFEAsL.jpg
不足的地方還是有
我會繼續苦練的！！",再我苦練了2個月，我終於第一次霧成功了，每天練到半夜才睡覺，我知道還是有很多不足的地方，但是，看到每天自己的進步就很開心，這個是剛開始練習沒多久的眉毛，苦練了2個月的眉毛，不足的地方還是有，我會繼續苦,2020-12-21T17:50:53.468Z,2020-12-21T17:50:53.468Z,美妝,makeup,F,
235028318,#討論 2020 愛用唇膏 TOP 3,"https://i.imgur.com/3zlzmE8.jpg
-
📷皆使用IPHONE Xs 前/後 鏡頭拍攝；無修圖、無濾鏡、無美肌
-
嗨嗨嗨嗨嗨！
又到了2020的年末了，今年也是買了不少唇膏的一年啊！
精選了三支，我這一年裡最常擦的唇膏，外加一支年末愛用。

第三名
Bobbi Brown 金緻水光唇膏 Claret
https://i.imgur.com/oezQYmF.jpg
滋潤、不顯死皮、會輕微染唇。

第二名
Bobbi Brown的迷戀輕吻唇膏 Cranberry
https://i.imgur.com/aOsFvcR.jpg
微霧妝感、滑順好塗抹、不乾。

第一名
蘭芝 超完美6色BOBO唇膏 NO15 粉霧蒙布朗
https://i.imgur.com/P134ZgB.jpg
略乾、顯年輕、六色混在一起的顏色很美。
唇況不好的時候會顯死皮。
但這支是我2020上半年度的最愛，一個禮拜大概有3-4天都是擦它。

外卡遺珠
香緹卡 花妍香頌唇膏 飛行系列 忍冬
https://i.imgur.com/lO2Ed9b.jpg
滋潤、好塗抹、不假潤。
2020的11月開始，我迷戀上了這種粉嫩的顏色。
不誇張，每天都想擦它，真的太常擦它了。
但因為已經年末了，不得不把它挪出前三。

以上四支唇膏，除了蘭芝外，都有單獨發過介紹文，想看更詳細的介紹可以搜尋我的文章。

那就這樣啦88


-
#DISALLOW深卡
-
致人間的愛不移",-，皆使用IPHONE Xs 前/後 鏡頭拍攝；無修圖、無濾鏡、無美肌，-，嗨嗨嗨嗨嗨！，又到了2020的年末了，今年也是買了不少唇膏的一年啊！，精選了三支，我這一年裡最常擦的唇膏，外加一支年末愛用。,2020-12-22T06:06:15.125Z,2020-12-22T06:11:48.266Z,美妝,makeup,F,
235024053,#分享 開架底妝分享,"從大學開始化妝，一路上用了很多底妝
混合肌
T字油+毛孔粗大
眼下乾，25歲已有細紋
都是自己使用上的感想

1.za 美白防曬霜ex
https://i.imgur.com/06DuD2D.jpg
上妝工具：手
毛孔：微修飾
持久度：晚上會消失
心得：
這條就是學生上課必備
我用是沒有太白的問題
微微修飾毛孔 妝感是滿自然的
白色膏體用手很好推開
但卸妝是膚色的
暗沈狀況是早上出門到晚上像沒有抹一樣
我用好幾條了 很常特價
不用的原因是因為用膩了

2.膚蕊 美肌淨透bb霜（零毛孔）
https://i.imgur.com/xzTeFIk.jpg
上妝工具：刷子
毛孔：手推會有白芝麻，刷子可以
持久度：不錯
心動：
這條是urcosme 抽到，回購1次
妝感較重，用手上妝不適合
記得用手上會卡毛孔
我是買粉底刷上
可是這樣好像就失去bb霜方便的優點
妝感自然
不太會暗沈
不用是因為...想用別的

3.媚比琳 反恐特霧粉底液
https://i.imgur.com/b0Wixgo.jpg
上妝工具：美妝蛋
毛孔：很遮
持久度：夏天不脫妝但是暗沈非常嚴重
心得：
在特賣會購入
液體狀
用海綿蛋上妝毛孔修飾效果很好
妝感霧面很漂亮
夏天到晚上妝也不脫妝（毛孔修飾的好）
但是...會暗沈 

4.INTERATE透潤柔光粉底凍
https://i.imgur.com/89wAkoK.jpg
上妝工具：美妝蛋（附的粉撲很垃圾）
毛孔：剛上有白芝麻，要等一下
持久度：不太會暗沉，但對上價格，不太會回購
心得：
趁清貨購入 原價真的太貴了
妝感較潤 我是拍上後
再用海綿蛋拍勻
有點白芝麻
但是出油後就不會
冬天到中午鼻翼就泛油了
我覺得我夏天應該無法駕馭
剛碰臉是涼涼的 跟別人都不一樣

5.媚點極上粉嫩保濕粉底霜
https://i.imgur.com/jkiUYW9.jpg
上妝工具：美妝蛋
毛孔：遮，也沒白芝麻
持久度：不錯，暗沉還好，T字出油狀況用innisfree 蜜粉定妝再帶口罩也還好
心得：
成為最近新歡
但不知道在南部炎夏之下騎車撐不撐的住
要等夏天了
順道一提
蜜粉膚色粉質很細緻無亮粉
定眼下不會卡粉
但吸油效果普通
太大顆又散粉不太適合帶出門

6.ZA 潤色光感cc霜
https://i.imgur.com/YGB32CV.jpg
我是買紫色款
沒達到他說修飾蠟黃效果
膚色還有點怪怪的
然後我用到一個階段
擠出來是橘色膏體混明顯的紫色顏料
真的世上最雷品

7.曼秀雷敦 水潤肌柔光透亮防曬飾底凝露
https://i.imgur.com/x8zrweI.jpg
上妝工具：手
毛孔：完全不遮
持久度：暗沉失敗不會也不太沾口罩
我是作為上班時的修飾底妝
完全不修飾毛孔
改善暗沈明顯
也不太沾口罩
重點是我那大乾肌的妹妹也不脫妝浮粉
所以推乾肌使用
網上最大負評是不防曬黑
但是我工作不曬太陽無法驗證 哈哈
價錢上我推薦到蝦皮上趁免運買
在實體店面買再到蝦皮上幫妹妹買真的心痛啊

我應該會繼續保持好奇心
趁清貨、1111、1212、屈臣氏77折及品牌特賣會，購入各種商品測試，會買網購後，真心覺得如果不急就不要實體店面原價買，要等各種促銷啊，然後囤貨就是要去momo買，真的省很多
現在就是
屈臣氏找清貨等77折
康是美等醫美節
寶雅買美材
Tomod’s 買日妝
MOMO囤貨
蝦皮買韓妝代購

桌上的東西真的越來越多了 哈哈😄
但是買東西就是有快感 ～",從大學開始化妝，一路上用了很多底妝，混合肌，T字油+毛孔粗大，眼下乾，25歲已有細紋，都是自己使用上的感想，美白防曬霜ex，上妝工具：手，毛孔：微修飾，持久度：晚上會消失，心得：這條就是學生上課必備，,2020-12-21T12:21:43.223Z,2020-12-21T12:54:21.028Z,美妝,makeup,F,
235029094,#活動 今晚，我想來點感謝！說出你的感謝，年終禮物 Dcard 幫你送🙏,"不知不覺已經來到了 12 月的尾聲，
迎接新的一年，不知道這一年美妝板對你來說有什麼意義呢？
這次，我們要歡迎大家一起來回顧，
過去一年中，你是否記得有沒有那麼一篇美妝板的文章
讓你看了收穫良多、給了你很多幫助？
現在，傳達感謝並把這份感謝回饋給其他卡友的時刻到了！

找出你在 2020 年最喜歡、最感謝的一篇美妝板文章，並分享你想回饋給其他卡友的美妝內容
就有機會獲得 Dcard 為你們準備的年終禮物！🎁
https://i.imgur.com/eaJIA3c.jpg
⚠️這次的活動比較特別，步驟有點小複雜～要認真看活動說明和發文規則唷⚠️

👉活動日期：12/22-1/7 23:59

👉活動規則：
1⃣在活動期間內，選出一篇 2020 年美妝板內對你來說收穫最大的文章（文章發佈時間必須是在 2020 年內），按右下角的「...」圖示選擇「引用原文發文」，或是直接複製文章連結發文
https://i.imgur.com/X9Q6XTs.jpg

2⃣標題格式為＃感謝+該篇文章的原PO+你想回饋的美妝點
例如，你想感謝的文章是一篇世新大學女同學寫的文章，同時你也想分享 99 元彩妝品的情報
標題範例為：
＃感謝世新大學女同學 這個 99 元彩妝品推薦給你
＃感謝美妝小天使 秋冬色系唇膏分享給大家

3⃣ 文章內說明選擇的原因、收穫或是對原 PO 感謝，並加上你想回饋給卡友的美妝內容
，從下方ＡＢＣ三組禮物中選出其中一組禮物送給原 PO，最後分享一個美妝點或是想回饋給其他卡友的美妝內容

文章範例：

https://i.imgur.com/bF8VGEE.jpg

活動結束後官方會抽出三篇幸運的文章
「自己」和「感謝的原 PO」都能獲得這款禮物唷❗️

這次的禮物採神秘小禮的方式進行，小天使想讓板上也來個交換禮物的氣氛
禮物的選擇有以下三款，大家可以憑感覺猜猜看要選擇哪一個：

🎁禮物 A：閃耀獨一無二的你，提示：👀
https://i.imgur.com/SwbJTjZ.jpg
🎁禮物 B：今晚擁有滿格電力，提示：👀
https://i.imgur.com/W9eEFfH.jpg
🎁禮物 C： 留下 2020 的 Shining moment，提示：👄
https://i.imgur.com/mtE9jHl.jpg

4⃣ 文末幫我們加入話題 「美妝板有你真好」
P.S. 是木板板喔！！這次不要再打錯字了😣
https://i.imgur.com/ILhYuZi.jpg
在活動期間內完成這篇文章就算參賽成功✅
（請各位卡友們一定要記得加唷！🙏）

以上就是這次的活動說明！
大家可以開始看看自己「收藏」了哪些美妝文
真的找不到的話
也可以從美妝小天使的精華文裡面找文章喔！

這次的活動有別於以往，希望是可以給美妝板創造多一點溫暖的年末氣氛
希望大家會喜歡！（小天使的願望就是希望美妝板相親相愛👼）
不要忘記點個愛心❤️➕追蹤美妝小天使👼
然後幫我分享給你所～有喜歡美妝板的朋友們唷！
🎉得獎的卡友們 小天使會在 1/14 (四）發文公布 🎉
還請大家留意美妝板與美妝小天使😇 
未來小天使還會舉辦許多活動讓水水們參加～
大家有喜歡什麼的活動主題都可以留言告訴我喔！
謝謝大家🙏",不知不覺已經來到了 12 月的尾聲，迎接新的一年，不知道這一年美妝板對你來說有什麼意義呢？這次，我們要歡迎大家一起來回顧，過去一年中，你是否記得有沒有那麼一篇美妝板的文章，讓你看了收穫良多、給了你很多,2020-12-22T08:19:01.276Z,2020-12-22T10:11:59.517Z,美妝,makeup,D,
235023273,#試色 heme 絢光腮紅 簡單試色,"據說可以同時腮紅兼眼影絢光腮紅🥺
https://i.imgur.com/fOWdjOt.jpg

01 golden peach
02 ginger caramel 
顏色超好看餒🥺而且這個閃度！！

https://i.imgur.com/r7PMl18.jpg

這個珠光！！超美的啦🥺🥺🥺
而且粉質很好在手上抹開很～滑順！
顏色個人喜歡01號
這兩個拿來當單色眼影也完全ok吧😍
感覺上臉還有打亮的效果
準備入手了🥺🥺",據說可以同時腮紅兼眼影絢光腮紅🥺，01 golden peach，02 ginger caramel，顏色超好看餒🥺而且這個閃度！！，這個珠光！！超美的啦🥺🥺🥺，而且粉質很好在手上抹開很～滑順！,2020-12-21T10:12:49.817Z,2020-12-21T12:38:28.998Z,美妝,makeup,F,
235021138,#情報 小黑瓶7日試用申請,"https://i.imgur.com/xE42Apc.jpg
已手刀填寫，分享給有緣人🌟🌟
我把網址貼在留言！

雖然粉絲才300多
但曾經幸運抽過小冰珠+眼霜
一直沒抽到過小黑瓶 🙏🏻希望這次能中",已手刀填寫，分享給有緣人，我把網址貼在留言！，雖然粉絲才300多，但曾經幸運抽過小冰珠+眼霜，一直沒抽到過小黑瓶 希望這次能中,2020-12-21T04:06:20.221Z,2020-12-21T04:06:36.867Z,美妝,makeup,F,
235027858,#分享 excel #GB08,"昨天屈臣氏開架彩妝85折
馬上進去晃晃
後來買了這隻漂漂口紅
但這隻漂亮的口紅沒有85折:））
看低卡好像沒人分享所以決定潑一個給大家看看有多漂亮
早上太陽光下的樣子
https://i.imgur.com/k6zFrxq.jpg
室內黃光的樣子
https://i.imgur.com/qPXbISy.jpg
在公車上想說試在手上結果又被漂亮到
https://i.imgur.com/obNUj5c.jpg
https://i.imgur.com/TtN87Um.jpg
大家88

https://i.imgur.com/Qb9hbHA.jpg
對了口紅本人也蠻漂亮的！
以上照片都是iPhone 原相機拍的！",昨天屈臣氏開架彩妝85折，馬上進去晃晃，後來買了這隻漂漂口紅，但這隻漂亮的口紅沒有85折：）），看低卡好像沒人分享所以決定潑一個給大家看看有多漂亮，早上太陽光下的樣子，室內黃光的樣子，在公車上想說試在,2020-12-22T04:45:36.648Z,2020-12-22T06:20:08.474Z,美妝,makeup,F,
235024620,我把禮券變成香奈兒🌒,"嗨～大家好👋🏻
我是姊姊貝莉卡，好久不見😆
大家請原諒我沒有依依回覆問題，我現在抽空來分享一下上次週年慶滿額折抵後剩下的禮券買了什麼😍

結果還是買了其他東西(⁎⁍̴̛ᴗ⁍̴̛⁎)
https://megapx-assets.dcard.tw/images/88b74a5d-cb28-4c9f-851d-6d5ff20990c1/1280.jpeg
這是本次主角！美白洗面乳
之前都是使用深海精萃那瓶，自從用了上回買的珍珠光感淨白水精華後有點愛上它的味道🌸是滿淡淡的櫻花香，這瓶的瓶子還是霧面的♡上次買的還沒用完，對於我們全家人使用來說用量真的很省👍🏻希望皮膚可以像水嫩嫩的麻糬皮😆
我認真推薦有預算買洗面乳的可以買香奈兒！真的會是回購N條！！！
我上次看到版上的勸敗女王分享角質調理水我也好想買ㄛㄛㄛ，但是我好像還有一堆沒用完的東西(⑉꒦ິ^꒦ິ⑉)先加入購物車🛒

接著是我購入的商品
https://megapx-assets.dcard.tw/images/772265f2-2527-4ac5-b2dc-638032c1efb7/1280.jpeg
https://megapx-assets.dcard.tw/images/32e116d3-5815-4f3f-b8bc-c2b4fcb5270c/1280.jpeg
兩瓶Les Eaux香水，分別是比亞里茲跟蔚藍海岸
這系列真的跟以往chanel很不一樣，香味持久度不高

比亞里茲香調是蜜橘、葡萄柚、檸檬、鈴蘭、橙花
蔚藍海岸是柑橘、茉莉花、橙花
這裡我就大概隨意分享一下～ʕ •ᴥ•ʔ

https://megapx-assets.dcard.tw/images/cace589d-93de-44bf-80ab-9ae63f2dea55/1280.jpeg

這裡是送的小樣們，這次特別的有一個N5的身體乳霜 迷你版本🐥大概一隻手指頭挖下去擦個雙腿沒了😆

再一次分享包裝，聖誕節要到啦～～還沒準備好禮物的趕緊阿阿阿
https://megapx-assets.dcard.tw/images/4a34db06-56a3-44fc-9f74-daaa01f554de/1280.jpeg

相信大家都已經開始期待2021春季商品了(♡∀♡)我也是，好想試一波唇膏顏色💋霧面愛好著
剛好櫃姐跟我約了時段去參加春季彩妝發佈會💕等我去參加完再分享給您們～～～🙏🏻

這一年謝謝您們喜歡我的分享🌹我們明年見～👋🏻👋🏻",嗨～大家好，我是姊姊貝莉卡，好久不見，大家請原諒我沒有依依回覆問題，我現在抽空來分享一下上次週年慶滿額折抵後剩下的禮券買了什麼，結果還是買了其他東西（⁎⁍̴̛ᴗ⁍̴̛⁎），這是本次主角！美白洗面乳，之前都是使,2020-12-21T13:55:00.224Z,2020-12-21T13:55:00.224Z,美妝,makeup,M,
235024257,#分享 近期手邊的保養品們😳,"冬天到了，大家是不是也有變換一些保養品呢？
我自己是有些微幅度的調整，不然冬天真的太乾🥶

膚質：
冬天 乾肌
夏天 T字微微出油 其他部分中性

那就廢話不多說，趕快來看一下有什麼吧😆
1、雅詩蘭黛原生露（200ml/3980元）
https://i.imgur.com/t9qL8dc.jpg
我自己是趁週年慶入手的，也算是第一次體驗。
我覺得以精華水來說，他的價位不算高，而且他們週年慶有些活動的組合，都會便宜很多很划算，很好入手。

精華水，我第一瓶入手的是「碧兒泉 奇蹟活源精露」。
兩瓶都用過後，我絕對是大推原生露👍👍👍👍

奇蹟水雖然也是黏稠感覺很保濕的精華水，但我覺得很不好吸收😣
我每次用大概只用四五滴，但不論我怎麼拍怎麼按摩，他吸收時間大概都要三分鐘以上，然後也沒有給我特別多的感受⋯
精華水我不太喜歡會在臉上黏黏難吸收的，畢竟它是我保養的第一道用品🤨

然後原生露，他也是帶有稠度的精華水。
我每次用大概都用五十元硬幣大小，他吸收速度非常快，大概拍一拍一分鐘左右就吸收了，臉是充滿保濕感又完全不粘膩的感覺，我超喜歡💗
然後我用完75ml，整體感覺皮膚會有透亮感，膚況也很穩定👍

回購：100%
（奇蹟水不會回購）

2、理膚寶水 B5修復霜（40ml/450元）
https://i.imgur.com/1h97gh1.jpg
我平常不會用到他，但我臉上有傷口（例如自己手賤去弄粉刺或是痘痘的時候），我晚上保養會厚敷它在傷口上，隔天擦掉，修復效果非常卓越😎
這條是40ml的，快用完了，一定會回購❤️

回購：100%

3、Dr.wu 角鯊潤澤修復精華（30ml/2000元）
https://i.imgur.com/hEsTh4Y.jpg
這一瓶是30ml的，藥妝店很常買一送一或是一瓶1000的樣子～
我自己在冬天用量很大，早晚都會用，早上半管，晚上一管。
考慮要買momo官網賣的101ml裝的了（這樣看得出來真的很愛吧😝）
以前我冬天皮膚不論怎麼擦保濕精華液，都還是容易會脫皮。
直到今年嘗試了保養油，好像發現了天堂一樣🤣
皮膚整天都是很飽水的狀態，也完全沒有脫皮的狀況出現了🥺

如果冬天要上妝，粉底液太乾，也可以混個一滴到兩滴，整個會很貼妝，超讚☺️

它的質地，試在手上，就是油的感覺。
我一開始也很怕會很油很難吸收，但後來擦在臉上，完全不會，按摩一下就吸收了。
擦完後，皮膚摸起來是細緻平滑的感覺😳
我沒有用過嬌蘭的平衡油（等之後有預算會考慮入手），聽說嬌蘭的更好吸收。
但我個人是認為Dr.wu的瓶整體的cp值非常高💗

回購：100%

4、艾惟諾護手霜 （100g/199元）
https://i.imgur.com/75rppuK.jpg
看到他被我用到這麼扁，大家應該可以感受到我對他的愛🤣
味道部分，他完全不是走香氣派的路線，但他的味道我不知道到底是什麼味道⋯我不喜歡也不排斥⋯（是燕麥味嗎哈哈）
他的潤澤度非常好～我的手指常常會裂開脫皮，擦它就會好很多👍
然後他算是我用過護手霜裡面，相對算最不粘膩的了。
擦完之後，要滑手機做事，還是都沒問題的👌

回購：100%

5、克蘭詩 黃金雙激萃（50ml/3980元）
https://i.imgur.com/HQtUDyz.jpg
這罐精華液，如果有看我之前分享過的文章的人就會發現我真的很愛他。
這罐目前是我快用完的第三罐了😱
簡單來說，它用了皮膚會細緻滑嫩，整體膚況大大提升👍👍👍👍👍👍

他對我來說是一年四季都能夠使用的精華液～
冬天，我會用大概三大滴。
夏天，我會用兩大滴。
他的設計我超喜歡，很貼心又方便，可以自由選擇大小滴的用量，可以精準控制自己要用的量👍
但他的設計是有個小缺點，我用完第一罐的時候，瓶子裡面還會剩一點，不論怎麼按都出不來。
後來我爬文發現有人拔得開，我就用盡我吃奶的力氣終於把它打開😆
不然剩一點點我會很心疼哈哈哈

回購：100%

6、后 重生秘帖 （50ml/5980元）
https://i.imgur.com/PAl2yT1.jpg
一開始忘了是被網路上誰燒到了，就從昇恆昌那邊入手他了🤨
現在他被我拿來當作妝前的精華液，他拿來當作妝前還不錯，保濕效果很好。
但老實說，這瓶我用下來，除了保濕沒有特別的感覺啊😭
而且後來還看到他的成分其實很複雜，敏感肌要小心😣

回購：0%

7、凡士林護唇膏（7g/99元）
https://i.imgur.com/HBt8Ofj.jpg
它是我一定會回購的啊，cp值爆高！！！！！
很便宜，多厚敷嘴巴都不心疼🥺🥺
而且它是我用到現在去除死皮，效果最好的❤️

我的用法：晚上厚敷（厚到你不會想在開口講話的程度），早上起來用熱水沾濕毛巾，輕輕搓揉嘴唇上的死皮。
我自己使用下來，真的99%死皮都能輕易掉下來😳

⚠️凡士林的護唇膏好像很多種，我個人只推這種～

回購100%

8、霓淨思 極透光亮白淡斑精華（30ml/1350元）
https://i.imgur.com/Ow8AH3W.jpg
我手上這瓶是50ml的，好像是組合價吧，一個大盒子裝的，買的時候1250，週五週六康是美再打88折，覺得很划算就入手了🤭

目前用了三天，沒辦法給太多心得，但是我買它主要訴求不是變白也不是想要淡化曬斑。
我自己有個認知了，美白怎樣都也只能回覆到你最白的膚色，我本來就黑肉底了🤣
所以美白這方面，我會著重在努力防曬，防禦勝於治療，大家一起努力防曬哦😎
我的臉頰有一點曬斑（年輕的時候不懂防曬的重要，那時候曬出來的😭），我也不奢望保養品能夠改善曬斑～
曬斑我自己是相信醫美雷射比較有效果啦😂

所以我買這瓶，主要是追求他幫我淡化痘疤～
雖然我不常有痘痘，但偶爾還是會有一顆，我就會想要痘疤趕快消息啊啊啊🤣
目前效果還不知道⋯如果後續有明顯感受，我會再發文的！

BTW，它真的滿黏的，真的哦🤣
我個人是不介意啦，如果有效果我就不會在意～
目前用下來，也沒有致痘的問題～

回購：？（之後好用會再更新的！）

8、珂潤 浸潤保濕深層乳霜（40g/920元）
https://i.imgur.com/TkyUsdT.jpg
趁康是美或是屈臣氏醫美節什麼的入手，好像可以有差到一半的價錢吧！
我覺得他是保濕度中上的乳霜，他的功能就是單純保濕（我目前也只追求乳霜能保濕就好）。
可能年紀還沒有太大，它對我來說很好用。
冬天夏天都能用，冬天妝前我也會用它💗

回購：100%

以上是我最近手邊有在使用的保養品們🥺
歡迎大家一起來分享心得～
或是聊聊有什麼也好用的東西☺️",冬天到了，大家是不是也有變換一些保養品呢？我自己是有些微幅度的調整，不然冬天真的太乾🥶，膚質：冬天 乾肌，夏天 T字微微出油 其他部分中性，那就廢話不多說，趕快來看一下有什麼吧，1、雅詩蘭黛原生露（2,2020-12-21T12:54:17.567Z,2020-12-21T12:54:17.567Z,美妝,makeup,F,
235023687,#分享 #就是不愛黑色眼線液 三款棕色眼線+眼妝分享,"高中剛開始練習畫眼線，從黑色開始入門
結果因為眼睛不夠圓潤，看起來很銳利，直接左轉入棕色派XD
1028的眼線液我是從暹羅貓系列開始就蠻喜歡的，因為真的不暈
後來出的放色線也愛用
筆頭蠻細的所以很好描繪，畫起來很穩所以勾勒出來的線條也比較順

我是從濃縮咖開始入坑，雖然是咖啡色，但顏色飽和
畫了看起來很有神但又不會太過尖銳
夏天流汗我用了沒有脫妝或暈開
覺得眼線不脫妝這件事真的很可遇不可求，遇到喜歡的就要巴著它！
所以我已默默回購好幾支惹XDDD

補貨的時候看到新的濃可可和玫瑰棕色，棕色派的我就一起入手看看

https://i.imgur.com/EMLputJ.jpg

鏡面的包裝看起來蠻有質感不會廉價，我蠻喜歡的～

https://i.imgur.com/06C7cIR.jpg

濃縮咖：深棕色，愛用色不用多說，深邃的溫柔感，畫起來不會像黑色那麼兇，淡妝濃妝無腦用都ok
濃可可：帶點紅調的咖啡色，比濃縮咖再柔和，有種活潑感但又不會過頭
玫瑰棕：紅棕色，顏色蠻飽和而且亮眼，會讓眼妝更有特色
 
再來看看平常我都是怎麼用這三支眼線的～
👉濃縮咖+日常大地色眼妝

https://i.imgur.com/GKpatJA.jpg

如果畫比較大地色系的眼妝，我會搭配這隻濃縮咖
眼神會更深邃一點
用起來的深邃效果不輸黑色眼線液，但多一點柔和感

👉濃可可+柔和明亮眼妝

https://i.imgur.com/7sJeOYE.jpg

這個顏色比濃縮咖再更淺一些，但很溫柔，搭配淡妝也很適合
好喜歡這個顏色畫出來的感覺，很有女人味
不過於突兀，能恰到好處的妝點有神度
 
👉玫瑰棕+棕橘色秋季妝容

https://i.imgur.com/xaGrDfw.jpg

這個顏色真的很特別，我用過一些特殊色的眼線
他是少數可以兼顧日常卻又特別的顏色
配上橘色系眼妝，整體很搭～也不會感覺眼線的顏色很突兀
畫上眼的第一筆就有驚艷到我

這次買的新色用了都好喜歡
覺得眼妝的重點不只眼影，眼線也很重要
用到對的眼線絕對是幫整體眼妝大大加分的！",高中剛開始練習畫眼線，從黑色開始入門，結果因為眼睛不夠圓潤，看起來很銳利，直接左轉入棕色派XD，1028的眼線液我是從暹羅貓系列開始就蠻喜歡的，因為真的不暈，後來出的放色線也愛用，筆頭蠻細的所以很好描,2020-12-21T11:18:54.368Z,2020-12-21T12:05:54.139Z,美妝,makeup,F,
235025935,請問這是什麼品牌的眼影,"（如圖）
https://i.imgur.com/fB41pw4.jpg

想問是哪牌的眼影好美好好看😍",（如圖），想問是哪牌的眼影好美好好看,2020-12-21T16:55:04.057Z,2020-12-21T16:55:04.057Z,美妝,makeup,F,
235024483,#分享 小王子聯名底妝刷具組,"想當初還跟朋友信誓旦旦的說，什麼聯名款都是燒不到我的
恩，我就是馬上打臉自己的人，我就買😅

https://i.imgur.com/pl2Z6Pl.jpg
下單後本來還有點後悔自己這麼衝動，
收到後開箱認真覺得，這買來收藏都可以…這聯名真的給過…

https://i.imgur.com/b9iK7Eg.jpg

https://i.imgur.com/8lA7vmL.jpg
除了外盒上面圖案的變化，連盒子後面的郵票標籤都不同
教會小王子馴服的狐狸

https://i.imgur.com/RBqeh2O.jpg
飛行員畫的可以活久一點的溫馴綿羊

https://i.imgur.com/szjwNaW.jpg
小王子那朵傷人卻摯愛的玫瑰

https://i.imgur.com/Y06s6Ag.jpg
看到這邊覺得這聯名真的很懂粉絲心態，
粉絲就是一個看見自己熟悉的細節有被注意到，就會盲目自嗨的人🤗
我拆開時發現他還有附上刷具袋，刷具套外面的圖樣也都不同，
這設計真的好好看….可以拿來供奉了..

https://i.imgur.com/kTSWb9K.jpg
然後白色的刷具就是美!!我真的是邊開邊吶喊!
最喜歡這種包得好好的刷具!要帶出也好收納

https://i.imgur.com/hISzNOs.jpg
我買得這三隻分別是粉底刷、蜜粉刷、腮紅修容刷
分享一下使用心得，會跟手邊的刷具做一下比較，讓大家參考
先說整體來說小王子的刷毛都是偏Q彈的!上臉會回彈的那種~

https://i.imgur.com/kCT7JdC.jpg
莎菲亞 小王子蜜粉刷(右)
以蜜粉刷來說沒什麼缺點，刷毛很軟不會刺~!
抓粉力也OK，因為他比較Q彈所以會感覺毛是集中的，
上臉的範圍會比較小而密集一點

受受狼 虞美人蜜粉刷 (左)
虞美人的蜜粉刷就是整個攤開的刷毛，毛是往外的
跟上面同理，蜜粉刷只要不太會刺，我都覺得不會雷!


https://i.imgur.com/MbDrexT.jpg
莎菲亞 小王子粉底刷(右)
以遮眼下的黑眼圈來說，因為他本身的毛就是Q彈的，
真的很適合用來拍開遮瑕液，上妝的服貼度沒什麼問題，
真的可以把遮瑕拍開得很薄，用來上底妝也是對新手很友善，
我之前都是用海綿蛋上底妝，
用這隻粉底刷上底妝也能夠很快上手

林三益雙斜面粉底(左)
林三益這支的弧度用來上眼下的遮瑕，會剛剛好符合那個角度，
所以上妝速度會滿快的!但我覺得這隻的刷毛稍微有點刺，
如果是新手用這隻上底妝，真的要練習一下，它的形狀用來上底妝需要一點技巧


https://i.imgur.com/SIuc73x.jpg
莎菲亞 小王子腮紅修容刷(右)
因為我是腮紅控😅 用這隻上腮紅對我來說顏色會太清淡
抓粉力沒有問題，只是我腮紅會下重手，所以對我來說這隻就是少量疊加，
需要重複幾次腮紅才會達到我滿意的程度。
但如果你不像我對腮紅這麼重口(?)，刷個1~2次就夠了~

空山新雨 及第系列02 斜角定妝修容刷 (左)
我當初就是為了難取粉的小花腮紅買他的，所以這隻取粉力非常優秀👍
這隻算是我的愛用腮紅刷，但缺點是使用到現在他那股羊毛的氣味一直很重，
刷子本身也不算很軟，但是抓粉力很好。
就是上腮紅之前請先抖掉一些粉，不然會失手的那種，
基本就是小花腮紅專用，其他腮紅我會用別隻🙃

最後總結，如果是為了聯名想買這組，包裝跟細節我是覺得非常有誠意
小王子腦粉可以買! 畢竟以刷具來說他的刷毛也不雷，
基本都很軟、取粉力也都沒問題，以聯名來說我真的覺得很優秀了
之前真的買過一些聯名很像玩具，買回來純欣賞而已
硬要說的話就是盒子太精緻 留著有點占空間，但又捨不得丟😂 😂",想當初還跟朋友信誓旦旦的說，什麼聯名款都是燒不到我的，恩，我就是馬上打臉自己的人，我就買，下單後本來還有點後悔自己這麼衝動，收到後開箱認真覺得，這買來收藏都可以…這聯名真的給過…，除了外盒上面圖案的變,2020-12-21T13:31:13.613Z,2020-12-21T13:32:26.467Z,美妝,makeup,F,
235024986,分享我的超級新歡德國AB藍乳霜,"抬嘎厚

今天想來跟大家分享我的新歡👉🏻德國AB藍乳霜
https://i.imgur.com/xQRZHbg.jpg


奧古斯汀·巴德討論度感覺沒其他牌熱烈，但相信應該有些姬美啊已經被KOL們燒過一輪了。我本著神農嚐百草的精神就去朝聖了，且買過破萬的頂級乳霜之後就會覺得他們家的價格好可愛（價值觀已扭曲🤣

噢！會想嘗試還有一部分是因為這是位德國教授研發出來的，德國人🇩🇪做事就是0.0001公釐也會糾結的民族，所以非常可以信任！而他們家臉部的乳霜很單純就兩款，我選擇的是輕潤款，偏偏不選櫃哥極力推薦的豐潤款，他很好心的給我的試用小軟管

據悉不用擦精華液直接使用，這叫我那堆貴鬆鬆的精華液情何以堪！其實乳霜真的要選這種按壓式的（他們家的還是磁扣式，超威！）寬口瓶比較容易接觸到空氣產生氧化問題

重點來了！使用完隔日起床發現我的眼睛跟靈魂是疲累的，但臉在發光！皮膚狀態真不像大姨媽快來！

我很少碰到這種使用完就很有感的保養品，上次小香有個精華液也是如此威武，但那瓶要兩萬多多！都可以買兩瓶AB藍乳霜了！！

其實還順便買了潔顏藍乳及護唇膏，但我已無力介紹，冬至要吃湯圓了，就醬",抬嘎厚，今天想來跟大家分享我的新歡德國AB藍乳霜，奧古斯汀·巴德討論度感覺沒其他牌熱烈，但相信應該有些姬美啊已經被KOL們燒過一輪了。我本著神農嚐百草的精神就去朝聖了，且買過破萬的頂級乳霜之後就會覺得,2020-12-21T14:43:03.846Z,2020-12-21T14:43:03.846Z,美妝,makeup,F,
235023805,#情報 美麗台折扣碼限折150！買MAC護唇膏五折！,"我發現美麗台的M.A.C護唇膏組在特價！五折就能買到了
平均一支不到500 好像也只比開架貴一點點而已很可以耶！（默默加入購物車）


https://i.imgur.com/aOaOfXa.png


附上護唇膏連結給需要ㄉ人：https://www.beautystage.com.tw/product/%e3%80%90%e6%90%b6%e5%85%88%e9%a0%90%e8%b3%bc%e3%80%91mac-%e6%99%ba%e6%85%a7%e6%ba%ab%e6%84%9f%e6%bd%a4%e5%94%87%e8%86%8f%e7%a6%ae%e7%9b%92%e7%b5%84/

除了護唇膏好像還有jo malone的組合可以買
但剛好沒有我喜歡的香味所以先pass

現在應該是消費滿1200可以折150
其中50（滿500可以折）折扣序號在這裡
eXc1b9fd1c7
或是這裡的連結也有序號可以直接拿
https://www.beautystage.com.tw/2020_12_popdaily/
另外的100（滿1200可以折）是註冊會員會送的
我在購物車隨便加了點東西測試還真的可以一次折掉150還免運！

https://i.imgur.com/hqtuuQB.png
我要來好好逛逛該買什麼湊到1200ㄌ🤫",我發現美麗台的M.A.C護唇膏組在特價！五折就能買到了，平均一支不到500 好像也只比開架貴一點點而已很可以耶！（默默加入購物車），附上護唇膏連結給需要ㄉ人：除了護唇膏好像還有jo malone的組合,2020-12-21T11:37:11.122Z,2020-12-21T11:38:20.896Z,美妝,makeup,F,
235023881,#分享 愛用分享,"大家好，第一次分享，從臉到身體都有，也算是紀錄我今年到底把錢都花在哪裡🧐。

1️⃣ Dr.satin 魚子淨膚潔顏慕斯
我會根據皮膚的狀態來挑選當天要用的洗面產品
因為早上想偷懶，又不想用起泡網搓泡泡，就想要改換慕斯洗臉。這瓶出乎我意料之外的好用，很適合早上起床滿面油光的女孩，洗完臉很亮，而且這瓶有保濕功能，洗完毛孔小很多。目前已用至第二瓶，真的很讚👍。
https://i.imgur.com/GjbWZbR.jpg
2️⃣ Excel 三合一眉筆自然棕/Avon眉筆
眉筆推薦新手使用Avon的眉筆，一隻很便宜，斷掉也不心疼，優點是很顯色，缺點就是要自己手動削🤪。Excel的眉筆我會先使用眉粉先畫眉流，接著再用筆頭描繪眉尾，眉毛畫出來很立體，只是一隻500 up 真的捨不得太快用完啊！
https://i.imgur.com/JC7YRp6.jpg
3️⃣ Paula 2%水楊酸凝膠
終於從白瓶使用到新包裝的黑瓶了🥳。水楊酸我會用來抹下巴跟鼻子來代謝粉刺，使用時機都在生理期前或生理期後，使用水楊酸大概三天，會發現鼻子上的粉刺都浮出來，我就會把粉刺清掉，長期下來粉刺有少很多。
https://i.imgur.com/MABqzCA.jpg
4️⃣ 美琪藥皂
小美琪真的戰痘神器，夏天我都用美琪洗身體，美琪有很多系列，我都用過，哪一款特價我就買哪一款。美琪還有一個功能，如果太累了，洗澡我也會用他洗臉，對抗臉上痘痘也是有效，但不建議天天用，因為臉會洗太乾淨，會很乾，這是偷懶模式才能用的。
https://i.imgur.com/Cgvr4g2.jpg
5️⃣ Chico肥皂
這一款肥皂比美琪保濕跟滋潤，不管夏天冬天我都會用，浴室就是兩塊肥皂輪流使用。因為本身皮膚會過敏，這一塊肥皂用起來很溫和，沒有什麼香味，如果是追求洗的超級乾淨，可能不太夠力。
https://i.imgur.com/lYmCNfp.jpg
6️⃣ 倩碧潔膚水3號
這款潔膚水我都是早上洗完臉使用，聽說洗完臉擦它會有黑黑黃黃的，但我的臉可能洗的真的很乾淨，目前我還沒有擦到黑黑黃黃的😂。這瓶我也會搭配水楊酸使用，預防生理期間大爆痘。擠完粉刺我也會用這瓶敷在鼻子上三分鐘左右退紅縮毛孔，退紅速度算快，不過酒精味算重，但還在我接受範圍內。
https://i.imgur.com/nBENHxF.jpg
 7️⃣ Elixir美白化妝水
這瓶化妝水從我大一用到現在，全系列我都有，偶爾我會混搭別牌保養品使用。今年暑假去學開車，全身黑光光，只有我的臉沒黑，還是很白。這款進化後，有添加草本元素，就不像之前單純的美白化妝水，櫃姐是告訴我，添加草本會讓皮膚比較健康，但擦習慣了，我也是沒什麼感覺，還是必須買起來放在化妝桌上安心。
https://i.imgur.com/ghNbb5Z.jpg

謝謝大家收看，字太多了，希望大家不嫌我話多。我會想紀錄是因為，保養品實在是太多了，想看看一年到底用多少掉🤣🤣。保養品雖然可以依照皮膚當天的狀況使用，但我還是建議還是一整套系列這樣用下來，效果最好喔！

#保養品#分享",大家好，第一次分享，從臉到身體都有，也算是紀錄我今年到底把錢都花在哪裡🧐。1️⃣ tin 魚子淨膚潔顏慕斯，我會根據皮膚的狀態來挑選當天要用的洗面產品，因為早上想偷懶，又不想用起泡網搓泡泡，就想要改換慕斯,2020-12-21T11:50:07.810Z,2020-12-21T14:11:06.045Z,美妝,makeup,F,
235024413,#分享 12月戰利品,"各位安妞👋
年底一推折扣，陸陸續續也買了一些東西
決定來分享一下!!!

首先是已經被我用掉好幾片的蒸氣眼罩
https://i.imgur.com/RQRdW6u.jpg
之前用過花王蒸氣眼罩
可能因為鼻子比較敏感，我覺得香味真的太重了！
根本沒辦法好好休息😭後來就都給我媽用～
這款是朋友推薦的，香味很淡、也有無香款
期末趕報告眼睛有夠累，戴著睡覺超享受～
已經回購好幾次惹💖

再來是試用幾天後的刷具～
前陣子看到IG一推人分享這個布朗尼就被燒到了
https://i.imgur.com/gJ5DO73.jpg
這幾天用下來真的很喜歡，動物毛的表現很棒💖
原本想說會不會太多支，結果每個刷型都很實用
這組真的超推啦!!!

再來這套刷是黑金～也是被板友燒到ㄎㄎ
https://i.imgur.com/l5WzvU2.jpg
這組的顏值很美欸😍
刷毛很軟，而且支數有夠多～不過還沒全部都上臉試用過
目前最喜歡的是蜜粉刷，圓滾滾的很蓬鬆，上臉速度超快！

接下來是跟朋友揪團買的面膜
https://i.imgur.com/gRNNd39.jpg
澳洲茶樹平衡淨化面膜～
因為面膜還沒用完🤣這次只收了一盒
已經回購兩、三次惹～茶樹成分對抗痘痘真的很有感！！
雖然也不是說一敷下去隔天就好惹
但有舒緩的效果～也不會很緊繃，可以補充水分💧

還有這罐泥膜
https://i.imgur.com/oSkN0jj.jpg
全名也是有夠長～叫純淨肌茶樹毛孔緊緻泥膜
和朋友去屈臣氏看到的😳一次購入了兩瓶
對！又是茶樹成分🤣用完蠻舒服的，不會緊繃
但對於除粉刺這點還是持保留態度，老實說成效不彰😕

最後分享一下朋友送的指甲貼紙～
https://i.imgur.com/IVbpnnH.jpg
前幾天跟朋友聚餐，她直接拿了一疊出來給我選😆
還以為自己是皇帝在選妃，直接翻牌（（威～想太多🤣
小小的tips：貼上去後再擦透明指甲油的話，可以讓它的壽命變長哦

以上！

－年末總是在喝西北風的人🙋",各位安妞，年底一推折扣，陸陸續續也買了一些東西，決定來分享一下！！！，首先是已經被我用掉好幾片的蒸氣眼罩，之前用過花王蒸氣眼罩，可能因為鼻子比較敏感，我覺得香味真的太重了！，根本沒辦法好好休息後來就都,2020-12-21T13:18:26.438Z,2020-12-21T13:18:26.438Z,美妝,makeup,F,
235029001,#情報 近期專櫃保養品試用資訊大蒐集,"好像是聖誕節的緣故 
最近試用品領取的活動超多的！
幫大家整理了一些領取專櫃試用包的活動
畢竟好人有好報 說不定可以因此告別水逆ʕ •ᴥ•ʔ
btw專櫃品牌保養品都好貴
所以我很堅持一定要先試用才敢購買
然後我分成了宅配到家跟櫃上領取2種方式～
不得不說試用包寄到家對我來說真的是福音🥺
因為我超級害怕靠櫃 怕不買會很尷尬🥲
所以我之前常常填完就沒去拿
不過這都是題外話啦！

Part1:試用包寄到家的：
1.克蘭詩｜myClarins｜充電霜
https://ppt.cc/fSvcgx

2.資生堂｜小紅瓶
https://ppt.cc/fxhPXx

Part2:櫃上領取的：
1.品木宣言｜靈芝水+亮顏C精華
https://ppt.cc/fbUKBx

2.克蘭詩｜黃金雙激萃

https://www.clarins.com.tw/黃金雙激萃/?utm_source=IGS_CTW_DS&utm_medium=display_branding&utm_campaign=20201001-prspt-DSrepushcampaign&utm_content=Traffics_wateroil_1210&fbclid=PAAabFMBSz0-xd30Bm0Q177fo1jPcvbdWORoZQNNYsgQYy1Wpy1jUm5qyytac#double-serum

3.YSL｜極效活萃超級特調
https://ppt.cc/fnm4jx

4.資生堂｜ElLIXIR｜澎彈保養6件組
https://ppt.cc/fsqo8x

5.蘭蔻｜極光水
https://ppt.cc/fwcWGx

大家快去試用 ！
趁著聖誕節或下次活動用最優惠的價格入手自己喜歡的保養品吧ʕ •ᴥ•ʔ",好像是聖誕節的緣故，最近試用品領取的活動超多的！，幫大家整理了一些領取專櫃試用包的活動，畢竟好人有好報 說不定可以因此告別水逆ʕ •ᴥ•ʔ，btw專櫃品牌保養品都好貴，所以我很堅持一定要先試用才敢購買,2020-12-22T08:03:19.030Z,2020-12-22T08:04:26.682Z,美妝,makeup,F,
235025212,#分享 國產保養品心得老實說,"2020年居然不知不覺又要結束了啊⋯⋯

這幾天在整理化妝櫃，把一些空盒空罐整理回收
順便用手機記事本紀錄了一下自己購入過的保養品
因為我實在買太多了～就挑了一些覺得可分享XD

如標題，決定介紹一些國產保養品，順便分享簡單心得
啊有些像是Dr.wu那種實體通路常見的國產保養品我就不介紹了～

以下主觀誠實心得請食用，順序很隨意，沒有照喜好排名
（都是簡單的心得，如果有人好奇各牌詳細心得，以後有空可以再分享給大家XD）

*膚質：混合偏乾肌

1.Sovafolk
我是被PTT上網友的心得燒到而跑去購入的
但主要還是因為包裝是我的菜哈哈哈，總之用了大概五個月多
我買的是冰河水平衡潔顏露，好像比較適合乾肌或敏感肌
整體蠻溫和的一款潔顏露，雖然我比較習慣會起泡泡的產品，所以一開始有點不習慣><
回購過一次，敏感肌可以試看看，比較不刺激！

2.Lunalink 
這個被朋友推的， 另外要說一下，客服人很好：））
問問題都很熱心回答，客服很熱心跟我解說產品有通過歐盟規格保障
(總之有什麼問題都可以去請教客服啦～也能更了解了產品成分)
感想是：愛世代Q面膜很好用～～～～><
我是買極致保濕面膜，敷後隔天上妝蠻服貼的
用久後我的脫妝指數有下降，後來只要參加婚禮前一天都很習慣敷這面膜
可能是保濕度足吧，控制著我的出油狀況（乾到出油）
不會讓我脫妝，最近想購入SOS 活顏旅行組，希望好用！

3.MYMASY玫喜
這個品牌的產品是姊姊購入的（還是別人送的我不清楚）
總之是好奇之下拿來用哈哈哈，產品名稱是金萃質感修護油
主打可以用在臉上肌膚外，還可以用在身體跟頭髮，蠻妙的⋯⋯
可是我沒用在頭髮上過啦，就覺得有點奇妙不太敢哈哈
產品是玻璃滴管，所以用量蠻好控制
有一股淡淡的香味，看介紹是花梨木、依蘭的香味，產品有添加精油
可能對於有些人來說是很療癒的味道？（但我比較還好，沒有特別愛）
效果無感，沒看姊姊再回購過，我也沒有自己再購入
但聽說原液系列還蠻保濕的（敏感肌適用的樣子）

4.佐登妮絲
這個牌子是同事推我的，但是我先說感想：產品好用但是不喜歡店員推銷><
我買的是龍血化妝水，蠻保濕滋潤～
掰惹位，最後講一下推銷的部分，其實我是屬於耳根子軟的類型
所以說同事推薦我就想說可以去買買看
但是店員狂推課程反而會讓我退卻，後來也沒再回購
因為光是想到會被推銷就不想走進去（後來才想到可以網購啦）

5.tklab
我買淨痘系列，主打無添加酒精、香精、香料，幫助舒緩
不過⋯⋯我大爆痘，嗚嗚嗚嗚所以列為毒藥QQ
但我知道有品牌粉會跳出來！
好我先說我有聽說其他系列很好用
不過因為我沒用過就不多評價了，有機會再來購入吧><

6.Orenzi 歐倫琪
覺得泥膜還不錯，我是被Dcard好物研究室給燒到的～
不過我買的是保濕款，不知道其他款的效果
話說有人用過契爾氏泥膜嗎～
我就是剛好沒買無從比較，之後來買看看好了

7.葵柏兒 
忘記是在哪裡看到正評還是朋友推薦，有點忘了
總之我是購入保濕極萃組合，我無感，加上價位不便宜
所以後來沒回購

8.綠藤生機
廣告打很大，品牌的文案又寫得很好，所以買了：）
雖然這個牌子存在蠻多爭議的，所以好感度多少有小下降
但還是認真分享一下心得，我用的是奇蹟辣木油
使用的那一陣子膚況穩定，且妝感服貼，其實還不錯
但是呢！味道有點像橄欖油，我個人不愛，所以沒回購><
（對了那陣子剛好我同時間有服用痘痘藥，不知道有沒有影響）


9.依妍熹
我要先說，我是用晶透保濕SPA洗卸露
為什麼會買完全是因為看到小賴拍影片啊（很喜歡小賴！）
雖然說明星推薦都是供參考，但是小賴就是會讓我莫名想買哈哈
卸妝力蠻好的我覺得，我刷睫毛膏的日子卸也是卸得很快
沒有讓我感到乾癢，還算美賣吧～

\以上分享完畢，還是要重申你的蜜糖我的毒藥理論/


總之，還是要視每個人膚況而定啦
只是給大家一個國產品牌分享作簡單參考，感溫感溫。",2020年居然不知不覺又要結束了啊⋯⋯，這幾天在整理化妝櫃，把一些空盒空罐整理回收，順便用手機記事本紀錄了一下自己購入過的保養品，因為我實在買太多了～就挑了一些覺得可分享XD，如標題，決定介紹一些國產,2020-12-21T15:14:09.387Z,2020-12-21T15:14:09.387Z,美妝,makeup,F,
235024398,#情報 #有臉 露華濃Revlon #445柚色玫瑰🥀 $100,"https://i.imgur.com/5IGx8K1.jpg
👉🏼白光 i11 pro 外鏡原圖輸出

忘記帶唇膏出門 在門市遇到$100的小確幸🥲

👉🏼如果你想塗兩層
https://i.imgur.com/7E60Xzb.jpg

網購也有優惠哦😆
https://i.imgur.com/jzpSFam.jpg

台北不要再下雨了啦
都快發霉了😐😐😐

（完）",白光 i11 pro 外鏡原圖輸出，忘記帶唇膏出門 在門市遇到$100的小確幸🥲，如果你想塗兩層，網購也有優惠哦，台北不要再下雨了啦，都快發霉了，（完）,2020-12-21T13:15:04.418Z,2020-12-21T13:16:34.450Z,美妝,makeup,F,
