id,title,content,excerpt,createdAt,updatedAt,forumName,forumAlias,gender,topics 
235114349,台中縫雙眼皮,"一直以來都有想要美美的雙眼皮
最今有很大的衝動想去小整
爬了多文
現在看台中*聖(楊醫師)評價很好

看看*緻沒什麼作品
很想了解多一點
希望大大分享❤️

但好奇信*愛現在評價怎麼這麼不理想?",一直以來都有想要美美的雙眼皮，最今有很大的衝動想去小整，爬了多文，現在看台中*聖（楊醫師）評價很好，看看*緻沒什麼作品，很想了解多一點，希望大大分享️，但好奇信*愛現在評價怎麼這麼不理想？,2021-01-05T02:45:17.197Z,2021-01-05T02:45:17.197Z,美妝,makeup,F,
235114259,護唇膏 求推薦！！（有選手）,"男友吃A酸好幾個月 副作用是嘴唇會乾到裂
他本來有DHC的橄欖油護唇膏
但好像不喜歡味道而且效用不大就沒有繼續用
想買新護唇膏給他擦

訴求（照順序排）：一定要夠滋潤、透明無色或微微潤色、不難吃、天然、軟管包裝的 不要用手抹的、不會黏

價格不限 最重要的是夠滋潤而且持久！！
有其他牌子也歡迎大家推薦謝謝🙏

1⃣️綠藤生機 專心護唇油 透明
https://i.imgur.com/O2fumRc.jpg
2⃣️艾杜紗 護唇精華液 
https://i.imgur.com/Iu6rXzO.jpg

3⃣️雪芙蘭 經典滋潤護唇膏 維他命E
https://i.imgur.com/s8XaAU4.jpg

4⃣️NIVEA 深層滋潤唇無香料
https://i.imgur.com/wMxusjf.jpg",男友吃A酸好幾個月 副作用是嘴唇會乾到裂，他本來有DHC的橄欖油護唇膏，但好像不喜歡味道而且效用不大就沒有繼續用，想買新護唇膏給他擦，訴求（照順序排）：一定要夠滋潤、透明無色或微微潤色、不難吃、天然、,2021-01-05T02:21:20.917Z,2021-01-05T02:21:43.863Z,美妝,makeup,F,
235114114,#請益 Ga水幕斯遮瑕精萃選色～,"最近在觀望Ga的遮瑕精萃，想問水幕斯粉底液和氣墊粉餅都用3號，如果要遮黑眼圈和痘疤要選幾號遮瑕？拜託各位也是色號用3號的人提供意見～🥺🥺🥺
https://i.imgur.com/2yezJQ7.jpg",最近在觀望Ga的遮瑕精萃，想問水幕斯粉底液和氣墊粉餅都用3號，如果要遮黑眼圈和痘疤要選幾號遮瑕？拜託各位也是色號用3號的人提供意見～🥺🥺🥺,2021-01-05T01:41:00.866Z,2021-01-05T01:41:00.866Z,美妝,makeup,F,
235113758,#請益 關於蘭蔻小黑瓶的下個步驟,"請問大家蘭蔻小黑瓶擦完都接著擦什麼保養品呢
求推薦🥺 謝謝🙏🏻",請問大家蘭蔻小黑瓶擦完都接著擦什麼保養品呢，求推薦🥺 謝謝,2021-01-04T20:46:08.725Z,2021-01-04T20:46:08.725Z,美妝,makeup,F,
235113696,Pat McGrath Mothership VII Divine Rose II 玫瑰二代盤試色,"https://i.imgur.com/Jbw3INz.jpg
今天要分享的是patmcgrath的十色眼影盤第八代之前natasha denona的液態眼影就讓我被變色龍眼妝燒的不要不要的，但是冷靜思考實用性後還是冷靜了下來，不過當我在官網上看到這盤就真的再也安奈不住了不管是外包裝還是裡面的配色都太燒我了
https://i.imgur.com/ygSxbIh.jpg
真的每次打開都心情超好，尤其是這盤的主色那顆變色龍真的超美，一下偏粉一下偏綠在不同的角度下有著不同的樣貌，這篇會拖那麼晚就是因為要把這顆的美拍出來實在太困難了XD另外這盤除了右下那顆大閃片外上面的兩顆金色都是比較偏向細膩的亮片色，尤其是右邊第二顆偏暖色的棕金色帶有粉色的閃片這點讓我覺得挺特別的，而且有趣的是這盤裡面有很多顏色都帶有粉色亮片害我差點以為是不是中間的桃紅色飛進別顆裡面了🤣像旁邊的紅棕珠光色帶有粉色閃片的搭配很適合拿來當深色啞光的過度色，而且左上的珠光色雖然在盤裡看起來比較偏向香檳色但上在眼頭或臥蟬的時候那個粉色偏光真的嚇到我還以為是筆刷不乾淨呢XD
https://i.imgur.com/H22WCJp.jpg
終於到了試色環節但真的認真覺得相機無法完整拍出它們最真實的美，像它們最有名的大閃片，上面佈滿了粉色金色五彩斑斕的亮片，比起其他盤的亮片色真的看起來更加豐富，不過真的世界上沒有兩全其美雖然網上都說這盤的啞光色已經是它們家算好的，但其實粉質感覺上還是挺乾的，雖然不會到完全暈不開，但是這兩個啞光色色調跳躍太大也是一個問題，雖然在盤中看起來還好但是這兩顆其實真的超級顯色每次在暈這兩顆顏色的時候都有互相打架的感覺
https://i.imgur.com/qi9dSxy.jpg
https://i.imgur.com/g923Mp2.jpg
https://i.imgur.com/Rrp4jMj.jpg
最後就是上眼分享了，上下兩張分別是以金色和以粉色為主調的感覺，而中間則是把變色龍拿來畫眉毛的感覺，因為我平常會試著用halo eyes 塗在眼皮中間但不知道為什麼拍照的效果都不太明顯，所以這次就大膽的直接拿來畫眉毛，看起來的效果會更清楚一點
https://i.imgur.com/INh0c1X.jpg
最後還是分享一下變色龍眼妝的照片雖然應該是看不太出來啦，不過其實把它拿來花下眼影也是挺特別的像我上面三種都是獨立用變色龍或是加大閃片完成下眼影的😊那麼今天的分享就到這邊為止嚕",今天要分享的是patmcgrath的十色眼影盤第八代之前natasha denona的液態眼影就讓我被變色龍眼妝燒的不要不要的，但是冷靜思考實用性後還是冷靜了下來，不過當我在官網上看到這盤就真的再也安,2021-01-04T19:57:12.283Z,2021-01-04T19:57:12.283Z,美妝,makeup,M,
235113657,#請益 想請問寶雅員工這個到底多少錢？,"https://i.imgur.com/yqTlcOw.jpg

我今天在寶雅買了這組魔法書
但是我結帳的時候是1088$
我就詢問店員說櫃上不是寫999$嗎？
店員：收銀機就顯示1088$
我：但是我在櫃上看到是999$，是因為檔期過了嗎？
店員：”應該吧” 
他用很不確定的聲音跟我講應該吧...
想請問這裡有沒有寶雅店員能給我正確答案！

下面這張是我在櫃上拍的，上面也沒有寫檔期時間，我還帶店員去看，但他還是沒給我肯定的答案。
https://i.imgur.com/itW3Nib.jpg",我今天在寶雅買了這組魔法書，但是我結帳的時候是1088$，我就詢問店員說櫃上不是寫999$嗎？店員：收銀機就顯示1088$，我：但是我在櫃上看到是999$，是因為檔期過了嗎？店員：”應該吧”，他用很不,2021-01-04T19:41:54.295Z,2021-01-04T19:41:54.295Z,美妝,makeup,F,
235113567,#求評價！新北霧眉,"有人有去過這間霧眉嗎～
想知道霧的怎麼樣 因為他評論很少 ig也沒什麼可以看的🥺🥺
https://i.imgur.com/COsFvLb.jpg",有人有去過這間霧眉嗎～想知道霧的怎麼樣 因為他評論很少 ig也沒什麼可以看的🥺🥺,2021-01-04T18:59:19.384Z,2021-01-04T18:59:40.827Z,美妝,makeup,F,
235113469,啊哈,"這種痘可以擠嗎(*¯︶¯*)
最近一直戴口罩真的讓我大爆痘^_^




https://i.imgur.com/i87mHJ1.jpg",這種痘可以擠嗎（*¯︶¯*），最近一直戴口罩真的讓我大爆痘^_^,2021-01-04T18:24:15.360Z,2021-01-04T18:24:15.360Z,美妝,makeup,F,
235113426,#請益 專櫃護手霜推薦,"最近剛領第一份打工薪水，所以想買護手霜給媽媽～
媽媽因為工作的關係，手滿乾裂的
所以想問版上的的大家推薦的專櫃護手霜🥺
希望價格落在900多以下",最近剛領第一份打工薪水，所以想買護手霜給媽媽～媽媽因為工作的關係，手滿乾裂的，所以想問版上的的大家推薦的專櫃護手霜🥺，希望價格落在900多以下,2021-01-04T18:13:12.842Z,2021-01-04T18:13:12.842Z,美妝,makeup,F,
235113135,化妝心態,"雖然都說女為悅己者容

但我目前還沒有為了跟誰吃飯或見面而化妝😀

完完全全看心情～

只要心情不好或是心情大好都會超想化妝

心情低落的時候

在臉上上妝感覺就像是給自己帶了面具

擁有更多的勇氣去面對想逃避的一切

心情愉悅的時候

化妝會覺得真好看 更喜歡自己一點了

一直狂拍照 想留住今天難得的自信

有時候甚至還會帶妝宅在家一整天😛

應該不是只有我這樣吧哈哈

像昨天就畫了個滿意的眼妝💕
https://i.imgur.com/7nONjQy.jpg


口紅是最近又重新愛上的

Mac #531 GOOD FORM
百搭百搭 是個口紅安全牌 推推👍🏻

https://i.imgur.com/2ThBYbe.jpg


隱眼：olens #crystal 3con.pink 
眼影：3CE #Beach muse
眉毛：maybelline #Brown 3D PALETTE
粉底：無 只上防曬乳跟蜜粉
眼線：用眼影畫的",雖然都說女為悅己者容，但我目前還沒有為了跟誰吃飯或見面而化妝，完完全全看心情～只要心情不好或是心情大好都會超想化妝，心情低落的時候，在臉上上妝感覺就像是給自己帶了面具，擁有更多的勇氣去面對想逃避的一切,2021-01-04T17:19:10.618Z,2021-01-04T17:27:00.160Z,美妝,makeup,F,
235112281,新發現 粉底液開蓋 用到最後剩一點點,"不知道是不是每一牌的粉底液都可以這樣開
爬了一些文說這種粉底液沒辦法用轉的開
只能用蠻力向上開
所以請了男友試試看
沒想到他...












竟然用蠻力也打不開
但是他卻用一隻鐵尺解決了
https://i.imgur.com/58GWHNz.jpg
如圖
將鐵尺插入黑色和玻璃的四個角慢慢撬開
記得不要太大力
不然蓋子是會噴飛的
到時候就有得擦了
https://i.imgur.com/BFwbPdD.jpg
就是這麼輕鬆",不知道是不是每一牌的粉底液都可以這樣開，爬了一些文說這種粉底液沒辦法用轉的開，只能用蠻力向上開，所以請了男友試試看，沒想到他...，竟然用蠻力也打不開，但是他卻用一隻鐵尺解決了，如圖，將鐵尺插入黑色和,2021-01-04T15:22:29.575Z,2021-01-04T15:25:24.799Z,美妝,makeup,F,
235112270,#分享 高雄霧眉分享 #三個月後,"介紹一下自己沒眉毛的樣子
哈哈哈哈哈

.
.
.
防雷








https://i.imgur.com/dD2C0yb.jpg

再來是之前畫眉毛的照片
我是那種一定要畫的有菱有角的眉毛😆😆😆

https://i.imgur.com/KnjeR31.jpg
 
https://i.imgur.com/ON2sX3R.jpg

https://i.imgur.com/hDySp0N.jpg
也不太懂以前的眉毛在畫啥啦
但是！我真的從以前就想霧眉但是我不敢真的不敢
因為超怕失敗的哈哈
畢竟網路上太多案例了⋯⋯⋯🥶🥶

朋友介紹後決定去霧眉了

.
.
薑～薑～薑～
https://i.imgur.com/w9aZRu9.jpg

說真的雖然有敷麻藥，但我覺得比刺青痛😂😂
但就是刺痛啦還能忍那種稍微泛淚
但我好像還稍微睡著⋯⋯


https://i.imgur.com/5RBNw8E.jpg
這是恢復當中～～～那時候還蠻喜歡的
我喜歡眉毛深一點哈哈哈哈（怪人

更新近期現在超自然 也不用去補色
太太太喜歡了 好險沒失敗😭

https://i.imgur.com/rERfbaW.jpg
https://i.imgur.com/i9RXzk7.jpg

分享完畢 我太喜歡了
希望還沒霧眉的女孩趕快找到命定霧眉😆
祝您們大大都漂漂亮亮💛",介紹一下自己沒眉毛的樣子，哈哈哈哈哈，.，.，.，防雷，再來是之前畫眉毛的照片，我是那種一定要畫的有菱有角的眉毛，也不太懂以前的眉毛在畫啥啦，但是！我真的從以前就想霧眉但是我不敢真的不敢，因為超怕失敗,2021-01-04T15:21:14.086Z,2021-01-04T15:32:40.310Z,美妝,makeup,F,
235112267,#分享 我的化妝包分享 近期購入的新品 專櫃開架,"https://i.imgur.com/zOuDgqw.jpg

https://i.imgur.com/18qGnZI.jpg
首先先介紹一下我的化妝包 有次看到別人分享，隔沒多久在momo看到有打折 ，馬上下單❤️ 用了兩年還是好愛他🤣
https://i.imgur.com/0XQCKK2.jpg
裡面的夾層很多 每個夾層中間都還有拉鍊可以裝小東西
https://i.imgur.com/Mxv0T2n.jpg
還有一片可以放刷具的板子 超方便的，可以塞很多化妝品 可是整體的體積又不會到很大


第一個介紹的是tomford眼影盤03
近期購入的東西中讓我最最驚艷的東西
https://i.imgur.com/XlsHpNn.jpg
本來我買的這個色號有出新的限量殼粉色的
不過我個人還是喜歡它原本的配色 很耐看

https://i.imgur.com/vxVSCuz.jpg
打開眼影本人

https://i.imgur.com/CetGp60.jpg
試色，珠光真的好美
https://i.imgur.com/aDSuXWa.jpg
剛完妝的樣子，開頭有說到這是我近期購入最驚艷的產品，最最最讓我驚艷的不只是他的珠光還有持久度

https://i.imgur.com/B1ErB3t.jpg
這是已經出門八個小時，而且我是個喜歡打哈欠的人會一直流眼淚，通常畫下眼影都暈的一塌糊塗 ，可是tomford卻完全沒暈！！而且不知道是不是有用tomford眼影打底 連我的眼線都很完整🤣


https://i.imgur.com/Jeutj1x.jpg
阿曼尼氣墊，妝感不錯滿清透的，上完臉透亮的感覺
，但是遮瑕力不太好

https://i.imgur.com/0j8gWFj.jpg
Integrate美肌粉餅，最近實在黑眼圈越來越重，又懶的另外用遮瑕，所以買了這塊一直很好評的眼影
我的黑眼圈可以遮七八成，最近長了一顆痘痘 ，遮痘痘的話大概五六成
比起我之前用的make up  foever的粉餅遮瑕力雖然略輸一點
可是我更喜歡這塊美肌粉餅，沒什麼粉感 ，比較自然
Make up foever粉感對我來說略重了一點
https://i.imgur.com/2YIrYnn.jpg
我的手有一些毛細孔 擦上去很自然的撫平

https://i.imgur.com/LkYj0gN.jpg
再來是我一直很愛的opera唇膏 03 05
一直不喜歡那種水水亮亮的唇膏，不知道為什麼我擦起來很像吃豬油拌飯沒擦嘴😂😂可是opera的亮不是那種油亮～水嫩的感覺，就算吃東西喝飲料還是會留點顏色在唇上，有染唇的效果
https://i.imgur.com/f4zKyjF.jpg
03 05 看起來蠻像的 可是實際擦嘴巴 03是橘 05比較偏紅

https://i.imgur.com/ykl8y0G.jpg
https://i.imgur.com/1FhZBeJ.jpg
https://i.imgur.com/Wbf1wFg.jpg
Suqqu腮紅04  heme腮紅01 試色上是s下h
Suqqu腮紅很好暈染 慢慢疊擦上去很自然，很像從皮膚透出來的紅暈

Heme新品腮紅光澤很美，我都刷顴骨 看起來蠻立體的，然後這塊超顯色，不能下手太重

https://i.imgur.com/eC19qpF.jpg
Suqqu蜜粉餅
Suqqu家的東西很適合帶出去補妝 都超薄的很適合小包
https://i.imgur.com/XjsqBy4.jpg
不小心摔到 邊邊碎了一角😅
粉很細，上完底妝再用他整張臉會在亮一些
https://i.imgur.com/8fn0VVP.jpg
最後一個 ysl610
https://i.imgur.com/1XcSJVQ.jpg
泰奶色⋯怎麼ysl就不知道寫什麼了😂😂😂
很常抓來用 ，蠻日常的顏色比起opera較成熟些

好啦以上是我近期購入的愛用品分享😆😆😆",首先先介紹一下我的化妝包 有次看到別人分享，隔沒多久在momo看到有打折 ，馬上下單️ 用了兩年還是好愛他🤣，裡面的夾層很多 每個夾層中間都還有拉鍊可以裝小東西，還有一片可以放刷具的板子 超方便的，可以,2021-01-04T15:20:57.486Z,2021-01-04T15:23:14.925Z,美妝,makeup,F,
235111960,#分享 2021年一月🈳️🈳️賞🎊,"大家晚安～新年快樂
2020是個你我他她都艱辛的一年QQ
希望2021能有個美好的開始
以下美妝&保養品都是從去年陪伴我一直到1月剛好用光光的孩紙們
和大家分享，希望各位會喜歡😋






1. 蘭芝❄超級莓果C煥顏角質淨化霜
https://i.imgur.com/qzXcvV2.jpg
推薦⭐⭐⭐ 回購⭐(感覺可有可無)
這款臉部去角質應該是蘭芝滿久之前推出的系列(印象中)
但網路比較少心得分享
整體使用下來是款中規中舉的臉部去角質
對皮膚非常溫和 不會刺痛或過於刺激
裡面有添加水果類的酵素成分
質地是霜狀 
每次經期快來之前我下巴都會大爆痘😭
所以會選擇在快來之前用臉部去角質
讓肌膚穩定一些
用完臉有變比較透亮 
後續上保養品吸收度也有差
但目前沒有打算回購
想試試其他品牌的臉部去角質產品
歡迎各位推薦❤




2.還是蘭芝❄水酷肌因保濕精華(水潤)
https://i.imgur.com/wJmIvDZ.jpg
推薦⭐⭐⭐⭐⭐ 回購⭐⭐⭐⭐⭐
也是蘭芝的經典明星商品之一
(開始暴露我的蘭芝腦粉身份🤣)
已經回購三次的大蜜糖!!
但這瓶正貨是參加之前櫃上舉辦的空瓶活動抽中的
中獎的當下真的又驚又喜 豪～開～心～啊
這瓶我覺得是一年四季都合用的保濕精華
也讓底妝變得非常浮貼 
果然小水精的稱號不是隨便說說
而且以專櫃來說是可愛的價格
我都是搭配完美新生醒肌露系列產品
還有蘭芝的綠色面膜一起使用
隔天睡覺起來保濕超有感





3.又是蘭芝❄完美新生肌能露
https://i.imgur.com/m0ZCWBt.jpg
推薦⭐⭐⭐⭐⭐ 回購⭐⭐⭐⭐⭐
這是我的好姐姐在疫情爆發前去韓國幫我代購的好物
照片是舊包裝 韓國跟台灣後來都改版了
(覺得新版的味道更好聞 質地也更潤澤一些)
起初是剛好拿到雪鑽生日禮小ml數的旅行瓶
結果用一陣子意外被燒到
夏天會有點油膩 可是冬天真的不能沒有它
滴管式的設計非常方便
但缺點就是看不見瓶底的世界
害我每次都在猜測到底用完了沒XD
是一款穩定跟修復肌膚有感的高CP精華液
如果覺得小棕瓶小黑瓶價格太高下不了手
也可以試試這款精華喔～




4.終於不是蘭芝🤣的
  植村秀無極限超時輕粉底 #774
https://i.imgur.com/zbeg7W7.jpg
推薦⭐⭐⭐ 回購⭐⭐
完全不用多做介紹 版上底妝產品的老同學
可惜對我而言有點地雷
以我的膚質來說太乾了
通常我會混著精華液使用
但妝效部分個人還是偏愛雅詩蘭黛的粉持久
比植村秀更遮瑕 妝感更持久
我還是比較喜歡圓罐的花瓣肌粉底液QQ







5.澳洲🐑EVERMORE綿羊油面霜
https://i.imgur.com/g8Ldfoa.jpg
推薦⭐⭐⭐⭐⭐ 回購⭐⭐⭐⭐⭐
這是前年去澳洲旅行 導遊送的面霜
雖然叫面霜 但我都超不客氣的當身體乳在用哈哈
台灣好像沒有廠商代理進貨
(蝦皮也好少……)
味道淡雅宜人 而且吸收度超快 
擦上去完全沒有黏膩感 這是我愛死它的原因
好像有添加Q10什麼的吧 沒啥感覺
但綿羊油真的俗擱大碗 台北冬天又乾燥
即使多塗抹一點也完全不心疼👍
再用完這罐之後接棒的孩子是來自清境農場的乳油木綿羊油美膚霜
是長輩去玩送的禮物XD 也意外好用
味道也是淡淡的清香
可能因為添加乳油木的關係 滋潤度更提升
而且還是MIT 國貨必須支持啊!!








最後到了文章的尾聲
緊接著又有一波寒流來襲
大家要穿暖吃飽 多囤積一些冬天的脂肪抵抗冷風(誤
最重要的是身體健康 還有天天開心顆顆🍭",大家晚安～新年快樂，2020是個你我他她都艱辛的一年QQ，希望2021能有個美好的開始，以下美妝&保養品都是從去年陪伴我一直到1月剛好用光光的孩紙們，和大家分享，希望各位會喜歡，1. 蘭芝超級莓果C煥,2021-01-04T14:46:35.681Z,2021-01-04T14:46:35.681Z,美妝,makeup,F,
235111914,#討論 屈臣氏的卓沿白金,"最近因為換季的關係，我是油性的但冬天臉又會脫皮🤦🏻‍♀️
所以我蠻困擾的，今天去屈臣氏想買一罐保濕化妝水

（因為本人蠻懶的...也沒在化妝，所以對於一些保養品或有品牌的商品實在不了解...）

看到了
https://i.imgur.com/s9xCuZD.jpg
這罐想說試試看保濕效果

結帳時，店員問我是不是常用這罐，我說不是，他就問我要不要考慮Skin Advanced 舒緩保濕水凝露 

https://i.imgur.com/U8Ss90l.jpg
這個⬆️

他說保濕效果不錯，就想說試試看吧

回家後查評價，好像蠻少的，想請問大家有用過這罐的嗎？
可不可以分享一下🙇🏻‍♀️🙇🏻‍♀️",最近因為換季的關係，我是油性的但冬天臉又會脫皮🤦‍️，所以我蠻困擾的，今天去屈臣氏想買一罐保濕化妝水，（因為本人蠻懶的...也沒在化妝，所以對於一些保養品或有品牌的商品實在不了解...），看到了，這罐想說,2021-01-04T14:41:14.248Z,2021-01-04T14:41:14.248Z,美妝,makeup,F,
235111756,#問 fitme遮瑕色號,"大家好～想問大家有沒有人拿fitme 遮瑕當提亮或修容呢～
我平常是用20號當一般遮瑕
看到代購有好多色號
我有去康是美看看色號，應該會買15當提亮
但修容我怕買到太黃或太紅
想問大家有沒有買過！
目前有兩間代購的色號給大家看看～
1⃣️（馬掉店家了）
https://i.imgur.com/MlHTzZJ.jpg

https://i.imgur.com/YH3AhVv.jpg


2⃣️
https://i.imgur.com/NgF4G0U.jpg


https://i.imgur.com/Z6cr6Cu.jpg",大家好～想問大家有沒有人拿fitme 遮瑕當提亮或修容呢～我平常是用20號當一般遮瑕，看到代購有好多色號，我有去康是美看看色號，應該會買15當提亮，但修容我怕買到太黃或太紅，想問大家有沒有買過！，目前,2021-01-04T14:20:29.507Z,2021-01-04T14:20:49.101Z,美妝,makeup,F,
235111687,#分享 花錢買快樂,"簡單分享CHANEL滿額禮盒，有5件（小香水和手鍊、再生露10ml、貼紙、水慕絲粉底液2.5ml)

重點就是左上那條手鍊

一開始看到這條手鍊，覺得很普通沒打動到我的心就不想湊滿額，等待櫃姐時亂晃就入手其它產品達到滿額禮，多待一秒錢就不斷飛走啊⋯⋯

不知道為什麼拿回家才覺得這條也太可愛了！！越看越喜歡，很簡約設計有種低調美感很顯氣質，很適合跟其它飾品搭在一起

缺點是有點難戴上，需要兩手並用拉繩子調整鬆緊度，手殘的我光戴上就花費好多時間，白色繩子又怕弄髒須小心保護

*是限量禮盒，在台中大遠百購入的，館內目前有滿五千送五百加上各家銀行優惠活動

https://i.imgur.com/e9QnuyP.jpg
https://i.imgur.com/HtwBaGU.jpg
https://i.imgur.com/yUviNGM.jpg

分享近期購入的唇彩
兩隻唇彩很適合秋冬，質地都很滑順

MAC絲柔粉霧唇釉#焦糖核桃
質地超級滑順，但我覺得有一點點點稠、飽和度很夠擦上不會起嘴皮

BOBBI BROWN #terracotta
蠟筆設計唇膏很好勾勒唇形，微霧光超美，重點是超級滑順古溜那種，末端有削筆器
薄擦很適合日常的妝容，厚擦氣勢up up up
這隻我大愛外型、顏色深得我心，塗上去不顯黑而且顯牙齒白
https://i.imgur.com/6KtAZLt.jpg

讓人少女心爆發的蘭蔻許願球
購買底妝搭配任何底妝產品就有許願球，內容物有粉撲2個、極光水、小黑瓶、粉撲架，內容物很實用，裡面更換其它小物品擺在家當裝飾超美

*台中大遠百購入，優惠同上，蘭蔻櫃位還會打九折

https://i.imgur.com/hHeat75.jpg",簡單分享CHANEL滿額禮盒，有5件（小香水和手鍊、再生露10ml、貼紙、水慕絲粉底液2.5ml），重點就是左上那條手鍊，一開始看到這條手鍊，覺得很普通沒打動到我的心就不想湊滿額，等待櫃姐時亂晃就入手,2021-01-04T14:12:07.093Z,2021-01-04T15:53:55.408Z,美妝,makeup,F,
235111631,#請益 請問未開封的唇釉可以換貨嗎？,"事情是這樣的：
今天去MAC買霧面唇釉，先挑了一隻後櫃姐說買兩隻加唇霜送一個唇膏，我就想說那再挑一隻
對話大概是這樣↓

櫃：還是你要看乾燥玫瑰色嗎？
我：我之前有買過，但不太記得是買哪些色號
櫃：那你可以挑新色呀
我：新色我也買過兩隻了
櫃：那我幫你查
——查完——
櫃：你等我一下
 (我以為她要拿紙筆記，但也沒有)
櫃：乾燥玫瑰的你有了，可以看這個焦糖蘋果
(然後挑另一隻試在手背)
我：這個好像比較紅
櫃：對，但你可以薄擦
我：這個我沒有嘛
櫃：對

然後我就刷卡了！！
回家對照才發現買到重複的…我完全沒用過
只有結帳時她開封讓我確認商品完好全新

請問這樣我能換貨嗎？我沒有要退只想換個顏色，而且我有跟他說不想買到重複的…

另外上一次我去的時候她有給我名片，上面有她的Line，當時我沒加，還是我要現在加Line跟她說呢？",事情是這樣的：今天去MAC買霧面唇釉，先挑了一隻後櫃姐說買兩隻加唇霜送一個唇膏，我就想說那再挑一隻，對話大概是這樣↓，櫃：還是你要看乾燥玫瑰色嗎？我：我之前有買過，但不太記得是買哪些色號，櫃：那你可以,2021-01-04T14:03:18.421Z,2021-01-04T14:04:01.059Z,美妝,makeup,F,
235111592,#分享 在屈臣氏撿到便宜！,"Excel的四色眼影盤用到鐵片了
所以今天去屈臣氏想說逛一下眼影
結果看到露華濃聯名神力女超人的眼影盤在促銷！！！原價590今天295get
https://megapx-assets.dcard.tw/images/286794c1-2988-4fd9-9d57-e4f39b9936e9/640.jpeg
大概只有藍色比較不好用
其他都還算日常色～～
粉質滿細的不會飛粉
最近還有第二件1元的活動
那當然要挑個價位相近的啦😝
https://megapx-assets.dcard.tw/images/637d0726-f46b-4ea2-899f-a6c51815f490/640.jpeg
莉婕的泡沫染劑 這個特價293
低價的就是1元計算
https://megapx-assets.dcard.tw/images/a91a4150-c999-4e9e-b757-da7737913064/640.jpeg
大家快去挖寶吧❤️",Excel的四色眼影盤用到鐵片了，所以今天去屈臣氏想說逛一下眼影，結果看到露華濃聯名神力女超人的眼影盤在促銷！！！原價590今天295get，大概只有藍色比較不好用，其他都還算日常色～～粉質滿細的不會,2021-01-04T13:57:11.134Z,2021-01-04T13:57:11.134Z,美妝,makeup,F,
235111543,#情報 紅水黑大方🌟🌟LM限定款氣墊,"LM煥顏氣墊粉餅超級好用der😙
https://i.imgur.com/mQ2fGie.jpg
我週年慶那時才買~~~
外殼雖然低調簡單，但妝感認真推爆！
啊現在又出了新年限定版 是要逼我囤貨還是趕快用完換新的啦😭
看張圈ig直接燃起一大把熊熊烈火🔥🔥🔥 嗚嗚
https://i.imgur.com/5m7A4uc.jpg
https://i.imgur.com/EGFiOYy.jpg

這次出的紅金配色也太有質感了吧!!!!!!! (莫名覺得很高級🤣
而且感覺過年也需要點亮紅色來增添個喜氣哈哈哈
畢竟2020太多鳥事發生了啦，總會希望新的一年可以卡好運點🤩🤩
 
來補個小小美妝點⬇
這顆氣墊各方面我覺得都有在水準之上
保濕、遮瑕度都很夠，帶妝時間也至少都能撐到8小時
買！🤣",LM煥顏氣墊粉餅超級好用der，我週年慶那時才買~~~，外殼雖然低調簡單，但妝感認真推爆！，啊現在又出了新年限定版 是要逼我囤貨還是趕快用完換新的啦，看張圈ig直接燃起一大把熊熊烈火 嗚嗚，這次出的紅,2021-01-04T13:49:29.259Z,2021-01-04T14:07:32.242Z,美妝,makeup,F,
235111534,#試色 GA絲絨唇萃 威尼斯日落暖棕新色分享,"GA這次真的是放大火呀🔥
廢話不多說直接上圖

https://i.imgur.com/uf8Bm1I.jpg
#209暖暮紅棕
看管身以為顏色很重完全不會
復古高級感必備!
薄擦就簡單好氣色 厚擦直接氣質氣勢大加分😍
 
https://i.imgur.com/l5uIL6S.jpg
#208薄暮暖橘
這次新色最喜歡這色!
是高級感的泰奶色 很顯白襯膚色👼🏻
 
https://i.imgur.com/eiAFjQg.jpg
#206紅棕玫瑰
以為很紅 結果一擦上也是喜歡 
一點都不俗氣的紅色 很適合過年擦耶🥰
 
#212 還沒用看到別人擦發現也是很優雅
我覺得管身或上手顏色都不會百分之百準
試在嘴上才能完整體驗她的漂亮程度！
 
#405 可以看我之前有分享試色～
https://i.imgur.com/RHSqflR.jpg

質感包裝顯色 滋潤絲滑帶有霧光 不起死皮 很對得起它的售價啊！！！",GA這次真的是放大火呀，廢話不多說直接上圖，#209暖暮紅棕，看管身以為顏色很重完全不會，復古高級感必備！，薄擦就簡單好氣色 厚擦直接氣質氣勢大加分，#208薄暮暖橘，這次新色最喜歡這色！，是高級感的,2021-01-04T13:48:10.859Z,2021-01-04T13:49:44.022Z,美妝,makeup,F,
235111477,#分享 小新手初入歐美眼影這座大坑！！！,"今年因為疫情常戴口罩，化妝品使用的速度變無敵慢R
都沒什麼在添購，尤其是眼影阿 腮紅阿 
這類萬年用不完的彩妝一直都堆在我房間的各個角落😂
前陣子把手邊的Bobbi Brown摔碎後
我才真的認真開始整理起這些眼盤
不想再不小心亂丟摔到了
心很痛R ಥ_ಥ


趁著整理時間
順便分享幾盤近期入坑的歐美眼盤
（順便偷懶用一下手機哈哈😆

第一盤是Too faced- just peachy

https://i.imgur.com/2nOs2P7.png
這盤色調偏粉橘 
剛買的時候我記得味道超香！！怕味道的可考慮一下
但很好上色也不太飛粉～顯色度我覺得中上
不過沒有珠光色是比較可惜的地方
個人喜歡在眼妝暈染一些珠光色會比較有眼神閃亮的感覺😆
價錢上算中高，代購我買1800左右
喜歡小資眼盤的可以pass哈哈

再來是Profusion-Smoky

https://i.imgur.com/2HHcNHY.jpg
我本來就是歐美眼影控
在小屈看到這盤，外加當下有美妝折扣後就直接入手
總共有10色但只要300左右我覺得很便宜
顏色是大地色偏深
黑色跟紫色那兩顆一開始覺得是比較不好搭的
但後來用過後發現黑色拿來畫眼線超好用！！！
紫色則是因為介於紅棕色跟棕色之間，反而很好暈染
整體的顯色度我覺得極好呀
飛粉會有但是可以接受的那種，不亂飛
粉質是細細的，上起來沒有顆粒感
以開架價錢跟顏色非常適合喜歡高CP的人 推！

再來是Color pop- designer collection

https://i.imgur.com/J9pYQ9M.png
這盤必須承認 買的時候完全是被包裝吸引😂
跟profusion一樣都是屬於開架小資路線
CP值很高的那種
唯一缺點就是太！會！飛！粉！
每次一用飛粉狀況都超嚴重…
（介意飛粉者請pass
整體顏色滿美
但使用上對於眼皮比較有肉的我 
塗上那幾個粉色很容易像被叮哈哈
所以整盤裡用棕色系比較多

再來是Zoeva- caramel mélange

https://i.imgur.com/mwnfaGX.png
鼎鼎大名南瓜盤
當初就是被燒到那個夕陽橘😍
但買來後發現顏色都好像哈哈哈哈
他們家亮片色 比color pop的細緻很多～
大概跟profusion差不多
抹在眼睛上的顆粒感非常不明顯 
飛粉狀況也有，但也在可以接受範圍
顯色度則是中上，建議用這盤的人輕刷就好
不然會容易像歌仔戲😂
價錢位在too faced跟profusion中間
但這盤都要靠代購才買得到，喜歡自己先試過色的就不適合～

最後是NYX- ultimate

https://i.imgur.com/nCXXE9q.png
這盤色調都暖色系
這幾種顏色多實用就不用說 
最讓我驚豔的是之前去宿霧，在外一整天奔波卻都沒有掉妝
持久度整個shock
飛粉狀況也會有一點，但沒有colourpop這麼嚴重
整體顯色度OK
唯一可惜的是他很多顏色都做得滿像
有時候上在眼皮沒什麼差別😂
之前在A11有櫃，但後來發現好像撤掉了（？）
價錢跟zoeva差不多～但他可以試色！
 

以上～就是幾款手邊的歐美眼盤
除了too faced之外都不會到太貴
各有好壞👍
不是眼妝高手所以先不附上眼妝獻醜了哈哈
分享完畢 謝謝大家收看~",今年因為疫情常戴口罩，化妝品使用的速度變無敵慢R，都沒什麼在添購，尤其是眼影阿 腮紅阿，這類萬年用不完的彩妝一直都堆在我房間的各個角落，前陣子把手邊的Bobbi Brown摔碎後，我才真的認真開始整理,2021-01-04T13:39:43.967Z,2021-01-04T13:39:43.967Z,美妝,makeup,F,
235111465,#試色 #YSL 玫瑰金蓋烏木玫瑰 #205,"#ysl #205 #SecretRosewood #烏木玫瑰🥀
https://i.imgur.com/fDySikq.jpg
https://i.imgur.com/xw19mE0.jpg
安安大家晚上好
跨年小週末 奔向專櫃試色 共試了三色
#205 #202 #610

#407 真的是少數我能完全用完的唇釉
由於第二隻 #407即將用完
於是想在這次的新色中挑個接班人

不過 新色#202 舊色#610 都缺貨中
櫃姐善良表示 補貨後可以直接寄到指定地點👏🏼
因此目前手邊就先以 #205 接替 #407的重任啦
https://i.imgur.com/8ild30K.jpg
可以看得出來 烏木玫瑰也是偏紫的姨媽色
比較一下 左 #407 右 #205
https://i.imgur.com/tGuQwIV.jpg
蠻令我意外的是 照理來說這罐沒有主打持久
居然有微染唇效果⋯ಠ_ಠ
用力衛生紙撸幾次 顏色微微的還在
看來要特別用眼唇卸妝液
https://i.imgur.com/A3fSyGF.jpg
坐等這週 另外兩隻寶寶 #202 #610的到來
對不起了錢錢 我真的需要這些酷東西🥺",#ysl #205 #SecretRosewood #烏木玫瑰🥀，安安大家晚上好，跨年小週末 奔向專櫃試色 共試了三色，#205 #202 #610，#407 真的是少數我能完全用完的唇釉，由於第二隻,2021-01-04T13:37:11.750Z,2021-01-04T13:46:00.354Z,美妝,makeup,F,
235111458,#黑特 台北中山霧眉,"⚠️文長⚠️圖多
前陣子看著我之前霧眉殘留下來的橘紅色，覺得不爽，剛好在FB某個Va開頭的霧眉廣告，兩人同行一人免費的廣告，開開心心的約了朋友一起。
當場畫完其實型很漂亮，做完當下也很自然，我們其實很喜歡。
恢復期過去....嗯？？我沒有顏色耶？橘色眉毛還高高掛在那邊，我朋友已經開始畫眉毛了？？！Fine~我們一定是沒有補色的關係。
於是我們約好了補色時間～過程就不說了，但是也挺讓人不愉快的。

一個月過去，我們期待的顏色沒有出現，二次補色會有80%的留色並沒有出現在我們身上。我的橘紅眉毛依然高高掛。
https://i.imgur.com/7oDji8b.jpg
好，沒事我就當作我卡色跟卡到陰一樣難處理吧⋯⋯（很容易妥協的我XD)
這時我朋友傳來她的眉毛給我看，我才發現不對

https://i.imgur.com/MAdl0aq.jpg
嗯......這...有跟沒有一樣、自然的跟素顏一樣，比她第一次去補色的顏色還淡，於是我們決定找店家反應一下。
https://i.imgur.com/VWiZ36E.jpg

https://i.imgur.com/ix6WNid.jpg
好，討論到這邊，我們已經放棄溝通，畢竟我們一開始就有跟店家說可以深一點沒關係，我朋友甚至直接說她想要跟紋綉師一樣的深度跟顏色。
（妳補了三次一開始幹嘛不說...）
事實證明她沒有聽進去，是自然款沒錯～自然到接近沒有顏色，乾脆就素顏就好。
然後補色要4800.....嗯，我們到底為什麼要再花一次錢再當實驗品一次呢？4800也不是什麼小錢，最少是我一個月的交通費了！！！
https://i.imgur.com/FX2v7Eh.jpg
我們沒有想要免費補色，但是一下說我們溝通問題、一下又是油肌的問題，總之她一點問題都沒有，最後雖然允諾可以只收材料費，但是我們是有種哭著要糖的小孩的感覺。
總之，只收材料費我們也不會再去了⋯⋯
有沒有人要推薦台北或桃園霧眉的呢😂",️文長️圖多，前陣子看著我之前霧眉殘留下來的橘紅色，覺得不爽，剛好在FB某個Va開頭的霧眉廣告，兩人同行一人免費的廣告，開開心心的約了朋友一起。當場畫完其實型很漂亮，做完當下也很自然，我們其實很喜歡。,2021-01-04T13:35:47.011Z,2021-01-04T13:40:16.103Z,美妝,makeup,F,
235111443,Chanel B檻年終禮,"https://i.imgur.com/yTwlRIr.jpg
本篇出現的人物，還是只有娜個小姐姐，
也就是在下小的不才我本人～
喜歡自稱為小姐姐！

在2020年尾聲，小姐姐收到line的推播⋯⋯
https://i.imgur.com/Z0Oneqw.jpg

內心根本比101煙火還要爆炸呀，哈哈～

趕緊問天使櫃姐，到底是啥咪～
直到昨天晚上，才知道是眼罩枕頭組⋯⋯

小姐姐的直覺反應就是：蛤，又不戴眼罩。
天使說：可以午休用。
小姐姐又吐了一次槽：小姐姐工作狂，不午休的。

但說歸說，
仔細看了天使傳來的年終禮開箱影片，
又覺得好像滿舒服的？

於是⋯⋯就跟天使約了中午去領年終禮，
直到晚上八點多下班，才有時間看看年終禮的樣子。

https://i.imgur.com/XXTs3pk.jpg
天使貼心的包裝，真的好有尊寵感喲❤️
https://i.imgur.com/lbz3cWo.jpg
好捨不得開，因為拆了就綁不回去啦哈哈～
這樣包裝，真的好有小香精品的風格❤️
https://i.imgur.com/NgYwMuy.jpg
拆開來的樣子⋯⋯
白色的盒子裡，裝的就是眼罩啦哈哈

https://i.imgur.com/HJBBLE3.jpg
正面，就是一個很飽滿的小圓胖感，
手感很舒服，是絨感的毛巾布那種感覺～

https://i.imgur.com/7l0SQU3.jpg
背面，就是小香美妝線的logo咯！
https://i.imgur.com/gyJXwhW.jpg
拉開拉鍊攤平，這個設計概念是⋯⋯
好，好啦很有設計感！
https://i.imgur.com/AcUfmwc.jpg
戴起來可能是這樣，
眼罩含枕頭，很適合出國用！
（或是在家戴著假裝出國搭長途飛機ing醬子）

小姐姐個人是把它當成股東大會的紀念品那種概念。
覺得這個禮物代表這一年來購物的美好回憶～

尤其是累得要死提著東西準備回家時，
看到小吊牌後面的玄機⋯⋯

https://i.imgur.com/7I8gpqk.jpg
這個吊牌，最喜歡了哈哈！

至於年終禮怎麼獲得，
小姐姐畢竟不是品牌的從業人員，
只能從自己的消費過程中，分享一點經驗談，
那就是～

其實每一個銷售人員，
也都是別人心目中很重要的人，
保持友善的互動，同理同感，
從認同品牌的角度，
隨緣買自己需要的、喜歡的產品就好，
不建議捨本逐末、買櫝還珠，
共勉之咯XDDDDD",本篇出現的人物，還是只有娜個小姐姐，也就是在下小的不才我本人～喜歡自稱為小姐姐！，在2020年尾聲，小姐姐收到line的推播⋯⋯，內心根本比101煙火還要爆炸呀，哈哈～趕緊問天使櫃姐，到底是啥咪～直到,2021-01-04T13:34:03.568Z,2021-01-04T13:34:03.568Z,美妝,makeup,F,
235111050,#情報 innisfree VIP免費領取紅茶精華體驗組,"昨天逛街經過innisfree想說補貨一下我的愛用品綠茶籽精華
結帳時被店員好心提醒VIP每個月都有小禮物可以領∑(ﾟДﾟ)
https://i.imgur.com/5SSwYQT.jpg
這次VIP禮竟然是新的紅茶系列的體驗組(੭ु´ ᐜ `)੭ु⁾
裡面有紅茶精華跟乳霜，而且精華打開還是擠壓頭超有誠意der
即使是體驗組質感也不馬虎(⁎⁍̴̛ᴗ⁍̴̛⁎) 
不枉費我的錢錢都送給innisfree了

這個活動好像只有到1/15的樣子
如果跟我一樣是腦粉VIP的人務必記得領啊！！！
他們的LINE裡面都會提醒
我覺得蠻貼心的
畢竟沒領到真的會搥心肝！！
     

by 每次都被店員好心提醒的我",昨天逛街經過innisfree想說補貨一下我的愛用品綠茶籽精華，結帳時被店員好心提醒VIP每個月都有小禮物可以領∑（ﾟДﾟ），這次VIP禮竟然是新的紅茶系列的體驗組（੭ु´ ᐜ `）੭ु⁾，裡面有紅茶,2021-01-04T12:37:24.393Z,2021-01-04T12:37:24.393Z,美妝,makeup,F,
235110983,#分享 2020做臉SPA按摩心得 (三家),"做臉得知20幾年來的膚質竟然不是混合油肌，是大乾肌

之前很排斥上SPA做臉的，覺得很浪費錢
因為前陣子上妝都不服貼，下定決心去體驗看看
做臉後在家多保濕，膚況也逐漸沒有太大出油的狀況
目前上班就擦隔離、遮黑眼圈加蜜粉就出門了

以下推薦程度最高5分

📍第一家
推薦程度：3 分
店名：橙花想紅 
價格：$699

剛踏進去環境蠻高級很讓人放鬆，接待人員也很親切
這間是學姐帶我一起去的，剛開始有皮膚檢測大概10分鐘
後來做臉途中就有搭配按手跟頭刮
(本來是以為只有臉覺得蠻超值的)
中間使用蒸氣蒸臉覺得很舒服
但在擠粉刺真的超級痛(⸝⸝o̴̶̷᷄  o̴̶̷̥᷅⸝⸝)
最後用了一個冰冰涼涼的儀器
課程結束美容師拿鏡子給我看前後對比，臉有變亮很多 

個人評論:
整體感受還可以，美容師剛開始很親切，結束一直銷售我很貴的課程，讓我最後感覺不太好

📍第二家
推薦程度：4 分
店名：群悅SPA養護館
價格：$800

是穿梭在一間美髮的後面，
如果不是媽媽帶我去我還真不知道有這家店
裡面的裝潢跟外觀不太一樣，很美很日系有一整座花牆

美容師先看一下我的皮膚狀況，
就是這間店跟我說我缺水超級嚴重不是油肌的
加上卸妝後黑眼圈很深，美容師就先做半邊臉給我看
剛開始就著重眼部按摩
有去粉刺、角質還有敷膜加上手部、頭刮按摩跟儀器
左右臉對比後，左臉的嘴邊肉跟下巴變超尖的
發現眼睛有神後黑眼圈就沒那麼明顯
課程最後又敷了一次面膜，跟噴了高壓氧在臉上
(第一次聽到這種儀器)
美容師說搭配高壓氧的儀器面膜效果會更提升

個人評論: 
美容師都很主動，會口語化的跟我說明，不會讓我感覺
（阿現在用什麼東西的疑慮？）
我比較喜歡單次單次做，當下沒有跟我推銷課程
是有貴一點點，但整體感覺蠻好的

📍第三家
推薦程度：3.5 分
店名：EUNICE SPA
價格：$699

這間是朋友介紹，我自己一個人去
環境比前兩間還小，有點小擁擠的感覺

剛開始大概了解我的肌膚狀況
我這次做的是加強保濕，剛開始是一般的程序
中間美容師就幫我加了好幾次保濕精華
這間美容師就蠻會聊天的
過程都很舒服，但就沒有特別亮點也沒有不太好的感受

個人評論: 
環境不太寬敞，但蠻喜歡她們剛開始泡的茶
結束後跟美容師在說話，店長就來插話不太喜歡
但美容師給我的感覺就蠻好
整體感覺中等(被店長插話跟隔音不好扣分)",做臉得知20幾年來的膚質竟然不是混合油肌，是大乾肌，之前很排斥上SPA做臉的，覺得很浪費錢，因為前陣子上妝都不服貼，下定決心去體驗看看，做臉後在家多保濕，膚況也逐漸沒有太大出油的狀況，目前上班就擦隔離,2021-01-04T12:26:44.710Z,2021-01-04T12:27:40.696Z,美妝,makeup,F,
235110919,高雄化妝教學,"不好意思，因為看了很多教學影片還是不太了解要怎麼畫出好看的妝容😂😂，想問高雄有哪裡在幫忙化妝的或是可以教學的？
謝謝大家！",不好意思，因為看了很多教學影片還是不太了解要怎麼畫出好看的妝容，想問高雄有哪裡在幫忙化妝的或是可以教學的？謝謝大家！,2021-01-04T12:18:06.236Z,2021-01-04T12:18:06.236Z,美妝,makeup,F,
235110883,#請益 拜託請各位推薦一下台北紋眉店謝謝,"已經爬過文，可是沒有找到我要的資訊，所以才問的，詳情請見 B3

B3 底下，有我詢問的問題，希望大家可以看了這個問題，解答一下我的疑惑，在推薦符合的店家
－－－－－－更－－－－－－－

一直都有想去飄眉，但是不知道哪裡比較好，我也沒有紋眉過，沒有經驗
想請問一下各位都是在哪裡飄眉的，或者是那裡還不錯？
現在18歲，有沒有比較適合年輕人的店家？
謝謝",已經爬過文，可是沒有找到我要的資訊，所以才問的，詳情請見 B3，B3 底下，有我詢問的問題，希望大家可以看了這個問題，解答一下我的疑惑，在推薦符合的店家，－－－－－－更－－－－－－－一直都有想去飄眉，,2021-01-04T12:13:21.643Z,2021-01-04T18:25:45.761Z,美妝,makeup,F,
235110547,＃感謝 內雙的三歲分享的UNLEASHIA眼影盤～,"本身很喜歡閃閃的亮片眼妝，也購入不少產品，一直以來也有聽聞UNLEASHIA的亮片很強，但D卡實測的眼妝不多，常常讓我爬文到最後被其他牌子燒走🤣
前陣子無意間看到原Po的眼妝試色，直接被燒死！
很感謝原po有去比較他們家不同系列的使用感受，讓選擇困難的我最後可以透過原po的介紹購入雙色盤XD
附上購買證明哈哈哈
https://i.imgur.com/vkgqecl.jpg


希望可以送原Po禮物A，原Po真的很適合亮亮的眼影！

最後分享自己2020最喜歡的眼影盤～
就是小凱老師的日安盤！
粉質真的很👍發色度高、配色也非常日常～附上刷色給大家看！
https://i.imgur.com/SzLRoyO.jpg
雖然價格不便宜，但一盤好的眼影可以用很久，所以還是很值得的！
推薦給在觀望日常眼影盤的姐妹～",本身很喜歡閃閃的亮片眼妝，也購入不少產品，一直以來也有聽聞UNLEASHIA的亮片很強，但D卡實測的眼妝不多，常常讓我爬文到最後被其他牌子燒走🤣，前陣子無意間看到原Po的眼妝試色，直接被燒死！，很感謝,2021-01-04T11:15:18.293Z,2021-01-04T12:56:02.140Z,美妝,makeup,F,
235110399,#試色 露華濃超持色輕透粉底液和超美的玫瑰粉霧面唇膏,"前幾天入手了一罐露華濃粉底液，這款有分兩種膚質，（混合肌/油性肌）跟（正常肌/乾性肌），我的皮膚剛好在冬天時候會偏乾脫皮，所以就選了偏保濕的這罐~
https://i.imgur.com/0dfAfQb.jpg

這款膚質的粉底液有分三個色號
另外一種膚質的有五個色號👇
https://i.imgur.com/VvW7lVD.jpg

粉底液擠出來是偏水狀不濃稠的質地，超級深得我心，因為我非常討厭臉上有厚重粉底的感覺，會不蘇服🥴
上臉後很服貼完全沒有浮粉的問題，而且就如產品的名稱一樣，非常的輕透~~完全不會有厚重的感覺，妝感出來的感覺是帶有微光澤的霧面奶油肌。
擠出來的質地如下👇
https://i.imgur.com/xrzmIJr.jpg

遮瑕力（拍薄薄的一層）👇
https://i.imgur.com/7e8BMvW.jpg

如果追求遮瑕力高的女孩們，就不適合這款粉底液，因為這款粉底液主打的是輕透，所以相對的來說遮瑕力就不會那麼高，但是一些泛紅和輕微的黑眼圈是完全遮得住的👌

用沾濕的海綿輕拍在臉上一層的妝感👇
https://i.imgur.com/NLODxqn.jpg
本人的黑眼圈沒有很重，臉上除了泛紅跟毛孔稍微粗大沒有其他的大瑕疵，這款粉底液修飾毛孔的效果也非常好👍
實測一整天下來，妝容的維持度都非常良好✨
也沒有出現暗沉浮粉的狀況，而且150這個色號完美的跟我臉的膚色融合，抹上去還差點以為自己沒抹粉底液🤣
總之喜歡輕透薄妝感的正常肌/乾肌女孩們快去購入這罐粉底液~~真的很好用🥰

接下來要來分享露華濃新出的神力女超人系列唇膏
我整個被003#亞馬遜女戰士燒到~~
不多說，先上圖👇
https://i.imgur.com/rNo6sV9.jpg
是不是很美~~~
這個顏色是日常百搭的那種玫瑰霧面裸粉色😍
雖然是霧面質地，但上唇非常滑順，完全不會斑駁也沒有卡口水印的問題👌

上唇照👇
https://i.imgur.com/dbMfHKE.jpg
完全不會顯唇紋呀~~而且顏色超美超百搭😍",前幾天入手了一罐露華濃粉底液，這款有分兩種膚質，（混合肌/油性肌）跟（正常肌/乾性肌），我的皮膚剛好在冬天時候會偏乾脫皮，所以就選了偏保濕的這罐~，這款膚質的粉底液有分三個色號，另外一種膚質的有五個色,2021-01-04T10:48:11.115Z,2021-01-04T11:46:28.027Z,美妝,makeup,F,
235110289,彩妝新玩具集合！內附冬季實用妝容look🥰,"⚠️  圖多文長慎入 ⚠️
首先來張美美滴完妝照騙🤪
https://i.imgur.com/1OQdFiH.jpg
這次的妝比較特別的是使用
比膚色深一個色號的遮瑕液當作修容
效果會比用修容粉來的自然～也會更貼合皮膚🥰 
眼妝則是走個橘棕色調看起來暖暖的很適合冬天🧡

J個妝主要是周年慶我花錢消災購入
或朋友送的禮物化的
想說也算是用了一小段時間
就一邊分享妝容一邊跟大家說說使用心得🥳
https://i.imgur.com/XWL7131.jpg
錢錢召喚術之新品集合！
品項照上妝順序分別是：
1. 資生堂 超進化持久粉底液 #220
2. 資生堂 超進化持久遮瑕液 #302
3. 立體斜角粉底刷
4. 完美日記 X Discovery聯名款 探險家十二色眼影 #小鹿
5. heme純色腮紅 #06
6. GA 輕紗裸光慕斯蜜粉餅 #03
7. bobbi brown金緻絲絨唇膏 #AVANT GARDENIA

🔺 底妝
https://i.imgur.com/3akxVJm.jpg
去年最後一敗就是12月初
跟朋友板橋大遠百約吃海底撈
結果要等幾十號但又超想吃…只好去逛街殺殺時間….
遇到超細心的資生堂櫃姐
一次拿了三個色號幫我認真比對我的膚色色調
試妝的時候手法也很溫柔🥰 
所以為了不辜負她的專業
我一次敗了超進化底妝+遮瑕液組合
這組除了送立體斜角粉底刷
還有活動期間板橋遠百贈送的激抗痕緊緻霜❤️

我的用法是⬇️
https://i.imgur.com/n6epcee.jpg
粉底液壓一點用手指薄擦在T字跟雙頰
深色遮瑕畫在想修容的臉側、鼻翼跟眉頭下三角
粉底刷一邊畫圓一邊推開
（最好準備兩隻刷子才不會後面修容的顏色弄髒原本的粉底）
（粉底液可以先稍微抹開比較不吃粉！）

這邊要讚嘆一下這隻組合送的粉底刷
刷毛非常柔軟而且不會有刷痕！
雖然有點小支要慢慢撸開，我拿來擼修容很可以
妝感很均勻也比用美妝蛋精緻✨
https://i.imgur.com/vDPczA1.jpg
底妝上完4醬⬆️
遮瑕度頗高有到8成 
妝感算是絲緞光有光澤但不顯毛孔
粉底液用量很省按半下～一下
（通常不用到一下）可以上全臉
修容跟底妝的邊界融合的很自然
當天實測帶妝近10hr不會暗沉但鼻翼眼下有輕微脫妝
脫妝時用面紙壓掉出油再推勻又是一條好漢！

🔺 眼妝
https://i.imgur.com/fUqmAxn.jpg
小鹿盤是朋友送的禮物～
有試色的是這個眼妝會用到的
這盤是完美日記for聖誕節出的禮盒內容之一
所以整盤色調有紅有綠很繽紛
實際試色的顯色度不算高 
霧面色都偏清透 感覺蠻像韓系眼影
裡面的亮片色幾乎都有偏光 還蠻特別的！

眼妝步驟：
1號淺米色 撲滿眼窩把眉下到眼皮提亮後續上色更飽和
2號粉橘色 稍微畫出雙眼皮界線 抓出眼影範圍
3號橘黃色 加深眼頭眼尾三角區 眼睛更深邃
4號亮粉金 用手指點在眼球中間+下眼影眼頭臥蠶
5號浮誇橘紅亮片 同樣疊加在眼球中間+下眼影中間
6號帶綠色偏光深棕色 眼尾平拉畫眼線+下眼影眼尾加深
https://i.imgur.com/WFJLSlg.jpg

🔺 蜜粉+腮紅
https://i.imgur.com/7Nd3AQg.jpg
heme腮紅火了超久最近都出新款了 我手腳超慢😅
這顆#6 Toasted Nut是帶有微珠光的橘棕色
珠光上臉後不太明顯 我從臉側修容往顴骨刷
看起來臉會更顯瘦～不然最近都吃太多大餐🤣

GA這顆蜜粉餅老實說買了有一陣子，
但最近才拿出來好好用
之前會把他冷凍是因為當初買的時候
櫃姐說它可以當打亮用
結果我回家猛刷一波都看不出個所以然
就～～拋諸腦後哈哈哈
前陣子挖出來當蜜粉才覺得 啊！真香！！
用刷子輕輕刷一層在全臉 
有稍微的提亮效果+冬天用定妝不會乾👍🏻

🔺 唇妝
https://i.imgur.com/bslfcgj.jpg
這支bobbi brown新出的金緻絲絨唇膏
外型真的很好抗非常好抗🥺
金色的細管身看起來就很時尚～
我買的是熱門色號 #AVANT GARDENIA
手部試色比較像肉眼看的顏色是個煙燻豆沙色
剛擦上去的質地偏霜狀滿水潤的
大概10分鐘後會變成微霧光效果蠻特別的
擦咬唇或塗滿看起來都很溫柔😍


OK
分享大概就是到這邊
https://i.imgur.com/MWLVGCB.jpg
真的好喜歡底妝的微霧和微光澤感
用新玩具畫出來果然是不一樣
心情很雀躍都會忍不住照鏡子多看個幾眼哈哈哈
希望大家喜歡這次的心得分享跟妝容🤡🤡",️  圖多文長慎入 ️，首先來張美美滴完妝照騙🤪，這次的妝比較特別的是使用，比膚色深一個色號的遮瑕液當作修容，效果會比用修容粉來的自然～也會更貼合皮膚🥰，眼妝則是走個橘棕色調看起來暖暖的很適合冬天🧡,2021-01-04T10:30:19.783Z,2021-01-04T10:31:51.961Z,美妝,makeup,F,
235110208,太好笑了吧抄成這樣🤙🏻🤙🏼🤙🏽🤙🏾🤙🏿,"今天下午沒課，想說去寶雅晃晃買眼線筆，
然後突然在角落瞄到(長得神似)的Kissme眼線筆，
想說乾也太便宜，149元是什麼打到骨折的價格！
但開心地拿起來看之後，突然發現好像不太對，
上面的凡爾賽公主怎麼有點醜：）？
走到旁邊去看一下正牌的Kissme才發現......
不多說了妳們自己看😂
（右邊才是正牌的Kissme）
https://i.imgur.com/Xr7SQi2.jpg
不只是低配版的凡爾賽公主，連旁邊金框魔鏡、
底下的粉色菱格、塑膠包裝的站立式設計、
還有眼睛的實圖跟黑金邊框設計全部都抄下來，
應該就只差沒有印一個QR Code貼上去了吧？？？
https://i.imgur.com/pysPBqm.jpg
（給各位看一下這個害我高興了幾秒的價格）
https://i.imgur.com/l9DItrF.jpg
（看這個應該是臺灣做的沒錯）
抄成這樣真的是臺灣之光欸👍🏻👍🏼👍🏽👍🏾👍🏿
寶雅裡面也有很多莫名其妙的品牌==
像星x冠的修容筆（跟EH一模一樣）
Logo設計跟Mac一模一樣的nxf之類的
臺灣彩妝品請加油好嗎：（
各位買東西前一定要先擦亮眼睛看清楚啊......
幸好我還沒買下去：（",今天下午沒課，想說去寶雅晃晃買眼線筆，然後突然在角落瞄到（長得神似）的Kissme眼線筆，想說乾也太便宜，149元是什麼打到骨折的價格！，但開心地拿起來看之後，突然發現好像不太對，上面的凡爾賽公主怎麼,2021-01-04T10:15:42.525Z,2021-01-04T10:15:42.525Z,美妝,makeup,F,
235110104,酒糟濕疹類固醇,"最近天氣變化大 
加上疫情戴口罩
酒糟復發
今天去看醫生
醫生說部份ㄧ粒一粒的是濕疹
所以開了這條藥膏給我擦（局部）
後來回家發現這是弱效的類固醇
之前有聽別人說過酒糟不能碰類固醇
好猶豫到底要不要擦
想問版上的人有相關的經驗嗎？
https://i.imgur.com/A2yl98J.jpg
https://i.imgur.com/xMBOH3g.jpg",最近天氣變化大，加上疫情戴口罩，酒糟復發，今天去看醫生，醫生說部份ㄧ粒一粒的是濕疹，所以開了這條藥膏給我擦（局部），後來回家發現這是弱效的類固醇，之前有聽別人說過酒糟不能碰類固醇，好猶豫到底要不要擦，,2021-01-04T09:56:41.055Z,2021-01-04T09:56:41.055Z,美妝,makeup,F,
235110076,#分享 ✨半歐美眼妝教學✨,"今天趁有時間來分享一下眼妝教學啦🥰
第一次發教學文 若有漏掉的地方請見諒
話不多說～趕快開始分享
以下是今天眼妝會用到的產品
https://i.imgur.com/lkxFocB.jpg
髮箍是日本大阪環球影城買的 嗚嗚好想再去日本🇯🇵
眼影盤上面那盤是
【TONYMOLY】MOSCHINO時尚聚焦8色眼影盤
但它超飛粉 粉根本就沒壓緊 超容易散
不過它的亮片很閃所以我還是留著用
下面大盤的是 
ABS絕色紐約-光感柔滑專業眼影彩盤
有35個顏色而且超級便宜！
那時候在小屈還康是美特價買的3百多塊而已
刷具依序是大創、艾森絲、Bvi的刷具
眼影也是在日本買的loveliner 超好用
不會暈水有很多出水量也很穩定
睫毛膏是1028的也很厲害但缺點是比較難卸
眉筆是Za的雖然換包裝換產地但沒找到更好用的
所以就繼續用下去了🥺🥺🥺
睫毛夾是資生堂的也用很久了綠色盒子吧我記得
https://i.imgur.com/eqhardH.jpg
🔺完全素顏照
https://i.imgur.com/yfc27hT.jpg
🔺上了粉底眉毛戴上隱形眼鏡
隱形眼鏡是Deesse的女神澄
https://i.imgur.com/OPwfjEG.jpg
🔺先用淺棕在整個眼皮打底
https://i.imgur.com/TMSSwSv.jpg
https://i.imgur.com/qsZRnjl.jpg
🔺再上棕色在眼尾跟眼頭
https://i.imgur.com/KidmLtJ.jpg
https://i.imgur.com/G57SeMM.jpg
🔺再用更深的棕色加強眼尾跟眼頭
https://i.imgur.com/oPAszPQ.jpg
https://i.imgur.com/JCHn0At.jpg
🔺再用亮片色打亮眼睛中間跟臥蟬
https://i.imgur.com/TK0aEXl.jpg
https://i.imgur.com/108PioD.jpg
🔺接著用左上的亮片色加強眼睛中間跟臥蟬
可以看出來它的粉根本超鬆 眼影盤超髒
https://i.imgur.com/JnpSXvu.jpg
但亮片超閃的很美🥺
https://i.imgur.com/aftDEsc.jpg
睜眼照
https://i.imgur.com/RItvzEL.jpg
🔺再加上睫毛跟眼線
https://i.imgur.com/gbEaRAZ.jpg
✅完成啦
https://i.imgur.com/oauQaAo.jpg
https://i.imgur.com/FECSR8q.jpg",今天趁有時間來分享一下眼妝教學啦🥰，第一次發教學文 若有漏掉的地方請見諒，話不多說～趕快開始分享，以下是今天眼妝會用到的產品，髮箍是日本大阪環球影城買的 嗚嗚好想再去日本🇯🇵，眼影盤上面那盤是，【TON,2021-01-04T09:52:43.104Z,2021-01-04T09:52:43.104Z,美妝,makeup,F,
235109845,我不能沒有它ㄉ身體乳 #施巴 #SABON,"不知道有沒有人懂那種冬季乾癢ㄉ痛苦
身體超容易 紅 癢 乾 尤其天氣一旦低於20度我根本無法忍住不用熱水洗澡
挖洗完澡像是被冶過ㄉ紅鐵一樣讚喔
所以這種時候身體乳真的是不能少的東西

因而來想分享已經用了兩個冬天之不能沒有它存在ㄉ身體乳*2。

https://i.imgur.com/eF6aC5e.jpg
#施巴 潤膚乳液
#SABON 紳士身體乳液
質地是長這樣↓↓
https://i.imgur.com/UzNNpwX.jpg
上施巴 下SABON，明顯感受得到施巴相對水潤很多，但嚴格來說SABON根本就~不能~止乾癢，雖然使用感上比施巴厚重很多，吸收力也慢很多，但為什麼我離不開它呢！因為它味道真的很舒服好聞，而且它真的很貴我必須要堅持把它用完^_^b
真的不比較不知道，施巴大概是擦兩支小腿擦完擦手臂ㄉ時候就可以感覺到小腿已經是乾爽感，但不會像是蒸發揮發掉的感覺，過一陣子摸也覺得腿兒水水潤潤噠<3 對乾癢也比較有鎮定效果
可是論味道的層次感來說SABON真的是slay！驚豔全場
另外因為施巴的香味比較淡，其實建議可以這兩罐混擦，可以讓SABON的濃濃香味維持更久
https://i.imgur.com/oM6Onfz.jpg
BTW施巴的瓶身是塑膠ㄉ，所以價格基本上不是反應在外包裝上，可是SABON就是中看不重用看著很有質感ㄉ玻璃瓶身，然後SABON壓頭轉開就回去不去ㄌ，但施巴ㄉ可以關起來旅行可用，可是SABONㄉ擺在那邊就是比較美噗噗。
我會考慮回購施巴啦，SABON就…再想想😏",不知道有沒有人懂那種冬季乾癢ㄉ痛苦，身體超容易 紅 癢 乾 尤其天氣一旦低於20度我根本無法忍住不用熱水洗澡，挖洗完澡像是被冶過ㄉ紅鐵一樣讚喔，所以這種時候身體乳真的是不能少的東西，因而來想分享已經用,2021-01-04T09:14:19.756Z,2021-01-04T09:14:19.756Z,美妝,makeup,F,
235109653,#分享 The ordinary 之愛用品❤️ （有照片）,"常常被身邊同學問都用什麼產品
皮膚一直都還可以不怎麼長痘 但是皮膚蠟黃偏乾
但本人都覺得自己皮膚每天都不太一樣（X
也不是很確定診斷有沒有變好
但大家都說有
用了幾個月下來the家產品
話不多說！來 上圖！
https://i.imgur.com/bXQvIlI.jpg
第一張圖❤️
左邊是心頭愛甘醇酸化妝水🤩
只能晚上用 我都用化妝棉「輕輕」的擦臉
長期用下來 我是覺得我也沒什麼粉刺跟閉口👍
當然隔天一定要乖乖防曬呦👌冬天也要防曬！
再來右邊是10%煙醯胺+1%鋅
我都在擦完化妝水之後用
控油跟淡斑提亮膚色不錯😍
https://i.imgur.com/7UOSNMd.jpg
第二張圖❤️
左邊的選手是推到爆炸的植物角鯊烷(;´༎ຶД༎ຶ`)  
買！我都加在面霜乳液裡隔天都水嫩嫩
右邊選手咖啡因精華
我感覺還好（？
去水腫還不錯
https://i.imgur.com/B1EVFIW.jpg
第三張❤️
是杜鵑花酸乳霜 也是只推薦晚上使用～
這個我也超愛！跟角鯊烷混一起
保濕一級棒٩(˃̶͈̀௰˂̶͈́)و
——
我早上保養順序是
獨島化妝水-煙醯胺精華-角鯊烷+獨島的乳液
（獨島的化妝水蠻好用的雖然感覺也沒什麼感覺
就是保濕不粘膩清爽）
晚上則是
甘醇酸化妝水-煙醯胺-咖啡因-角鯊烷+杜鵑花乳霜
—————
再來上我自己照片！（大家看皮膚就好）
剛開始用的時候
https://i.imgur.com/fRodzuZ.jpg
https://i.imgur.com/Bf2qhft.jpg

以及現在這陣子的皮膚
（看起來快睡著欸這張照片
https://i.imgur.com/dnGWSHG.jpg

https://i.imgur.com/uWKEM7E.jpg
https://i.imgur.com/JqxhIkF.jpg
感覺自己變白很多（姊姊也一直說我白超多） 
但不知道是不是家裡光線的問題
感覺皮膚粉粉黃黃的
第一次美妝發文
感謝大家 🥺❤️
放上有化妝的照片
自己是很滿意上妝效果跟鼻子不卡粉的狀態
https://i.imgur.com/hAn7LOW.jpg
https://i.imgur.com/9h6ZU4j.jpg
有不對的地方麻煩大家點評🤧
甘溫！",常常被身邊同學問都用什麼產品，皮膚一直都還可以不怎麼長痘 但是皮膚蠟黃偏乾，但本人都覺得自己皮膚每天都不太一樣（X，也不是很確定診斷有沒有變好，但大家都說有，用了幾個月下來the家產品，話不多說！來 ,2021-01-04T08:47:07.256Z,2021-01-04T08:47:07.256Z,美妝,makeup,F,
235109357,The ordinary賣家,"今天剛熱騰騰的取貨回家
回家第一件事就是拆包裹確認
但上了國外的這個可以查製造日期的網站之後
發現竟然查找不到 買了三樣只有一樣查得到日期
想知道有人有買過這家的產品嗎
我看了評價都蠻好的 還有人回購很多次
加上是蝦皮優選.....
https://i.imgur.com/7uWXxF9.jpg
第一次買這個品牌的東西 
所以沒有辦法比對
只好上來問問大家
*若有不當 會刪除*",今天剛熱騰騰的取貨回家，回家第一件事就是拆包裹確認，但上了國外的這個可以查製造日期的網站之後，發現竟然查找不到 買了三樣只有一樣查得到日期，想知道有人有買過這家的產品嗎，我看了評價都蠻好的 還有人回購,2021-01-04T07:56:26.488Z,2021-01-04T07:56:26.488Z,美妝,makeup,F,
235109322,🔥上週板上熱門 TOP 20排行榜 ! 你最喜歡哪一篇文章呢？,"各位卡友上週跨年夜在哪 High 哩～🤔
雖然很多地方的跨年晚會都停辦
但約個三五好友吃個飯
化個漂亮的妝迎接新的一年也是很不錯的過法

截至目前為止 2021 大家都還好嗎？
相信會越來越好的！
上週是不是忙著跑趴或是準備考試
沒看到板上的許多熱門文
https://i.imgur.com/jzUITA7.png
你像圖中小女孩的心情我們懂
來幫大家整理上週的熱門文章
讓你不再錯過！

看完這篇真的會想留言「為什麼大家的眼妝都可以畫這麼美？」
https://www.dcard.tw/f/all/p/235072855
交給專業的化，真的是會可惡變可憐耶～
很想讓人保護的感覺～可惡！
https://www.dcard.tw/f/all/p/235082546
這個價格已經太香了～
有誰手刀購入一支玩玩看的～快站出來🙋
https://www.dcard.tw/f/all/p/235060163
相信各位想要的應該是原 po 的好膚質
https://www.dcard.tw/f/makeup/p/235060514
原來重點是要擁有漂亮的嘴唇（誤
https://www.dcard.tw/f/all/p/235093851
這真的太像 固態水彩了！
https://www.dcard.tw/f/all/p/235091512
https://i.imgur.com/tiVI7z3.png
有沒有人化跟原 po 一樣的妝去跨年呢(๑• . •๑)
https://www.dcard.tw/f/makeup/p/235087035
過敏兒必看這篇！！快進來～
https://www.dcard.tw/f/makeup/p/235073650
Mac新品唇膏真的太燒了！🔥
https://www.dcard.tw/f/makeup/p/235093797
原 po 的照片都太藝術了了啦～好美！
https://www.dcard.tw/f/makeup/p/235064384
戴口罩一整天真的很需要一個補妝的東東
https://www.dcard.tw/f/all/p/235059438
這顆腮紅擦在臉上看起來皮膚超好(⁎⁍̴̛ᴗ⁍̴̛⁎)
https://www.dcard.tw/f/all/p/235085632
這篇學起來出門只要帶一個唇頰霜就夠了！👍
https://www.dcard.tw/f/all/p/235074341
原 po 卡稱超可愛的啦！❤️
https://www.dcard.tw/f/makeup/p/235066635
雖然說真的有改善～但建議還是看個醫生～
https://www.dcard.tw/f/makeup/p/235064240
乾燥玫瑰妝🌹已經太票釀了～
https://www.dcard.tw/f/makeup/p/235063858
看了 2020  的購物分享  快幫新的一年增加購物清單！
https://www.dcard.tw/f/makeup/p/235065508
https://www.dcard.tw/f/makeup/p/235080156
熱門裡居然有一篇活動文（大感動！）
https://www.dcard.tw/f/makeup/p/235090491
各位卡友們～活動已經剩下倒數幾天了～
快快手刀發文參賽吧！d(`･∀･)b

以上就是上週板上的熱門前 20🙌
希望大家會喜歡～～",各位卡友上週跨年夜在哪 High 哩～🤔，雖然很多地方的跨年晚會都停辦，但約個三五好友吃個飯，化個漂亮的妝迎接新的一年也是很不錯的過法，截至目前為止 2021 大家都還好嗎？相信會越來越好的！，上週是,2021-01-04T07:50:06.632Z,2021-01-04T10:01:39.181Z,美妝,makeup,D,
235109285,想問問有沒有法律系的大大,"我一直有疑問
像這種標榜正品代購的代購店
他們販售的美妝品沒有貼中標
也沒有登錄食藥署
 
為什麼還可以繼續販售呢
還是因為他們在賣場簡介有打這樣就過關
 
今天有打電話問衛生署
因為很想做類似的代購
但是詢問的結果都是不合法的
他們很直接跟我說
沒有登錄就沒有辦法販售
即使有貼中標都不合法😱😱
 
但是撇開這些
為什麼網路上還是有很多人販售
可是感覺都沒有事
大家都不怕被罰款嗎哈哈🥺🥺
https://i.imgur.com/CSj6j7D.jpg

https://i.imgur.com/048QyX9.jpg
 
真的很想做一些代購賺零用錢
美妝感覺最好上手
但是這麼一問
害得我不敢賣美妝品了😢😢",我一直有疑問，像這種標榜正品代購的代購店，他們販售的美妝品沒有貼中標，也沒有登錄食藥署，為什麼還可以繼續販售呢，還是因為他們在賣場簡介有打這樣就過關，今天有打電話問衛生署，因為很想做類似的代購，但是詢,2021-01-04T07:43:28.248Z,2021-01-04T07:43:28.248Z,美妝,makeup,F,
235109235,#請益 mac口紅色號選擇,"要送給姊妹生日禮物，但我從來沒化過妝，想問問大家會推薦什麼顏色，他有mac的mocha色，和正紅色的樣子

想送色號646或chili，不過很擔心這兩個很經典所以已經有這個顏色了，所以在猶豫要不要送色號314，可以請大家給我點意見嗎！
1.色號316
https://i.imgur.com/rZXMN4Y.jpg
2.色號314
https://i.imgur.com/31yDpoC.jpg
3.色號646
https://i.imgur.com/3tUtn7Y.jpg
4.色號chili
https://i.imgur.com/nJXaJpO.jpg",要送給姊妹生日禮物，但我從來沒化過妝，想問問大家會推薦什麼顏色，他有mac的mocha色，和正紅色的樣子，想送色號646或chili，不過很擔心這兩個很經典所以已經有這個顏色了，所以在猶豫要不要送色號,2021-01-04T07:34:46.269Z,2021-01-04T07:34:57.228Z,美妝,makeup,F,
235109162,#請益 詢問IMO評價,"各位水水們大家好！
最近想送自己一組保養品
前幾天去南紡多時候被推銷IMO的化妝品
聽起來感覺不錯，而且還是台灣品牌就有點心動
不過還是先沒有買 想說問問大家的意見
因此想詢問一下大家有沒有聽過IMO這個品牌或是用過他的化妝品
因為在網路上查不到什麼評價QAQ
https://i.imgur.com/hrxW2hM.jpg",各位水水們大家好！，最近想送自己一組保養品，前幾天去南紡多時候被推銷IMO的化妝品，聽起來感覺不錯，而且還是台灣品牌就有點心動，不過還是先沒有買 想說問問大家的意見，因此想詢問一下大家有沒有聽過IMO,2021-01-04T07:22:47.811Z,2021-01-04T07:22:47.811Z,美妝,makeup,M,
235109157,臉部去角質凝膠全新未拆封打開卻有濃厚酒精味,"如題（錯版請告知我謝謝🙏）
我在八月在蝦皮的康x美購買碧x斯的臉部去角質凝購買了兩組
昨天晚上拆開全新包裝的去角質凝膠卻發現酒精味道濃厚
我偶爾會去聞看看去角質的味道
然後發現味道變得很奇怪且酒精味也超重
但是我以為是我鼻子壞掉之類的
還是用在臉上
結果整個買尬跟之前的感覺完全不同而且怎麼洗也洗不乾淨
真的跟之前的完全不一樣
可是去角質凝膠完全是新的未使用過
有效期限也都沒過期我還放在陰涼處
我再去拆開看另外一個
也是一樣的狀況有酒精味道
真的超恐怖用在臉上的東西為什麼會這樣
我用這牌子已經5、6年從未遇過這樣的事情

後來我去跟蝦皮的康x美反應
他們用已經過了鑑賞期15天打發我
我想問如果之後買到有問題的商品難道我跟店家反應後就只用這句話打發消費者嗎

我也有到碧x斯臉書官網去詢問
得到的是已讀再也沒回應我
我要的不是給我優惠或者是補寄給我什麼
是用在臉上的東西有問題都不做後續處理嗎
萬一不止我一人這樣該怎麼辦呢？",如題（錯版請告知我謝謝），我在八月在蝦皮的康x美購買碧x斯的臉部去角質凝購買了兩組，昨天晚上拆開全新包裝的去角質凝膠卻發現酒精味道濃厚，我偶爾會去聞看看去角質的味道，然後發現味道變得很奇怪且酒精味也超,2021-01-04T07:21:57.095Z,2021-01-04T07:29:43.772Z,美妝,makeup,F,
235109145,#請益 高雄三民 霧眉有推薦的嗎??,"最近真的被燒到想去霧眉
小妹我本身是有眉毛但眉型不佳又是高低眉，想說有好看的眉毛會比較有精神
有爬文了幾家挑出下面4間 ，google評價感覺好像都還不錯
再麻煩各位美女給點意見了🙏
https://i.imgur.com/zdxaoGM.jpg
高低眉真的很嚴重QQ


A Double Q美學
https://i.imgur.com/JoBkAqY.jpg



B MissQ私睫妝園
https://i.imgur.com/dVLhKCu.jpg


C 繽紛open霧眉
https://i.imgur.com/z91reYx.jpg



D  Jasmine茉莉手作睫毛
https://i.imgur.com/Zph0EOH.jpg",最近真的被燒到想去霧眉，小妹我本身是有眉毛但眉型不佳又是高低眉，想說有好看的眉毛會比較有精神，有爬文了幾家挑出下面4間 ，google評價感覺好像都還不錯，再麻煩各位美女給點意見了，高低眉真的很嚴重Q,2021-01-04T07:20:47.255Z,2021-01-04T07:20:47.255Z,美妝,makeup,F,
235109057,#開箱大使 幫肌膚做精油芳療-蘭花純萃賦活乳,"大家好，我是mumu～！
今天要跟大家分享的是克蘭詩的蘭花純萃賦活乳
 
我的膚質：中性
我的膚況：有雀斑、有痘印、容易泛紅、鼻翼旁毛孔較粗大、冬天易乾燥脫皮
試用天數：１４天
【產品主打功能：修復、保濕、滋養、光澤】

※以下有全臉照請慎入

https://i.imgur.com/KKQsaYw.jpg
一瓶裡包含了蘭花面部護理油和植萃乳兩種質地
一壓出來就自動幫你調配好油和乳液的用量

https://i.imgur.com/N0gb6fd.jpg

先為大家來示範用法～

https://i.imgur.com/jxsSSma.jpg

STEP 1 　將乳液按壓在手心
https://i.imgur.com/HjTI8Pi.jpg

STEP ２　在掌心搓揉１０秒，讓乳液變得稍微熱熱的～
https://i.imgur.com/qwxPl1R.jpg

STEP ３　先深吸一口蘭花味　阿斯～這味道我很喜歡，很療癒放鬆
早上聞了醒腦，晚上聞了睡得好！（單押x1）

https://i.imgur.com/As7WoPY.jpg

STEP ４　輕拍在臉上（我會從最乾燥的臉頰開始拍，慢慢往外延伸）
https://i.imgur.com/LpiqEcZ.jpg

STEP ５　額頭和下巴不要忘了
https://i.imgur.com/qpaxY2u.jpg

STEP ６　還有眼下是最容易乾燥卡粉的地方也不要放過
https://i.imgur.com/Ddu3dOh.jpg

STEP ７　手中殘餘的乳液也可以帶到脖子
https://i.imgur.com/Uc51NX6.jpg

STEP ８　在鏡子前欣賞自己臉上美美的光澤
https://i.imgur.com/SE5hGXY.jpg
我的用量是早上：在化妝水後使用一滴的量，即可上妝，晚上：化妝水／面膜－蘭花純萃賦活乳兩滴
是的沒錯，不管早上還是睡前都只需要使用化妝水＋蘭花純萃賦活乳就好了。
是不是很省事！！！
而且完全不用擔心保濕不夠，因為裡面的油會把水分好好的鎖住，就算睡了一整晚，早上起來還是不會變乾
在拿到蘭花純萃賦活乳之前，我原本晚上都是用化妝水－精華液－乳液－面霜厚敷一整晚，現在直接省掉後面的步驟變成化妝水＋蘭花純萃賦活乳，可以早睡十分鐘了有沒有（沒有，因為十分鐘拿去滑手機了）
但能不能早睡不是重點XD　重點是蘭花純萃賦活乳的保濕力很好，在這兩個禮拜有幾天都很冷，而且我又是機車族，騎車的時候常常被風吹到臉很乾燥緊繃，但回家後只要趕快擦上化妝水＋蘭花純萃賦活乳，皮膚就直接喝飽水復活！！

最後給大家看看我現在皮膚的光澤～～
https://i.imgur.com/34JiAve.jpg


*本篇文章為 Dcard 官方合作文",大家好，我是mumu～！，今天要跟大家分享的是克蘭詩的蘭花純萃賦活乳，我的膚質：中性，我的膚況：有雀斑、有痘印、容易泛紅、鼻翼旁毛孔較粗大、冬天易乾燥脫皮，試用天數：１４天，【產品主打功能：修復、保濕,2021-01-04T07:06:48.326Z,2021-01-04T07:08:51.251Z,美妝,makeup,F,
235108964,#分享 ＃分享 時尚又美白牙齒組合,"看不慣我牙齒黃黃的好久了, 本來只有虎牙比較黃,想說不要笑就好，當個憂鬱少女吧。 不過，自從其中一顆門牙抽神經後越來越黃，我的心也跟著凋謝😭😭
有去淨白牙齒的診所照光過一次，除了門牙沒救外其他顆確實有白一點，但是定期去用太燒錢了。 
某天很厭世地滑手機看到 Kendall Jenner 的 IG貼她自創美白牙齒品牌『Ｍoon Oral Care』，頗感興趣就在蝦皮找了一下，看到一個時尚美白牙齒三件組，覺得包裝好看也不貴就立馬下單了。  來跟大家分享分享使用一個月後的心得啦～

https://i.imgur.com/IbUnRf5.jpg
包裝整個很時尚耶！ 組合為美白牙膏＋牙齒美白筆＋薄荷味牙線
全部放在一起，擺在洗手台質感會直接UP。


每日牙齒保養程序
👄刷牙
https://i.imgur.com/gRsk8O2.jpg

Moon牙膏是活性碳無氟的，為黑色閃亮亮的質地，有夠漂亮。
本以為會跟國外很多人刷黑色活性碳一樣滿嘴黑黑的，但在刷得過程中，嘴巴裡的泡沫以及吐出來的都是淺灰色，漱完口也不會到處沾染。
有淡淡的薄荷香，溫和不刺激。因為是無氟的讓人刷得蠻安心～～～

👄飯後牙線
https://i.imgur.com/S5sXAiV.jpg

牙線是保養牙齒中超重要的一環，牙線成癮的我都要餐後把菜渣用乾淨，睡前刷牙完也會再用牙線檢查每一個牙縫。因為單純刷牙是無法把牙縫裡的髒東西用掉，就會容易口臭和蛀牙，一定要搭配牙線，個人還會再加上漱口水了結每個夜晚。根本不怕男友偷吻我！！

👄牙齒美白筆
https://i.imgur.com/t9krGEu.jpg

牙齒美白筆我都隨身攜帶超級方便，午餐跟晚餐後使用一天兩次不能再多了。
筆刷是軟的，方便塗進牙縫，也不會刺到牙齦覺得不適。使用完畢後差不多快半個小時不能進食跟喝水，但可以正常吞口水呦～


就這樣每天循環保養牙齒一個月了
牙齒有感覺到比較白一點耶！自己是沒有想要到牆壁白的誇張，只要有醫生說的健康淡淡黃我就心滿意足囉～
https://i.imgur.com/Yl3wM5M.jpg

有一顆門牙因為抽神經了，沒有養分供應、失去含水量 ，所以還是比較黃，不過虎牙改善的部分覺得開心🥳
不敢嘗試冷光美白或是齒內美白，怕牙齒變敏感，我超級無敵害怕去牙醫診所😱
目前這樣用下來蠻有信心的，希望持續下去可以更好。",看不慣我牙齒黃黃的好久了， 本來只有虎牙比較黃，想說不要笑就好，當個憂鬱少女吧。 不過，自從其中一顆門牙抽神經後越來越黃，我的心也跟著凋謝，有去淨白牙齒的診所照光過一次，除了門牙沒救外其他顆確實有白一,2021-01-04T06:50:18.620Z,2021-01-04T16:26:03.912Z,美妝,makeup,F,
235108849,#問 有皮膚乾的人吃過美之選?,"最近皮膚換季變很乾...
有擦一點油加強保濕
雖然保濕感有提升 但我悶出很多小粉刺
我室友是乾肌 她說她保養步驟是肌研化妝水+dr.wu精華
還有吃美之選的玻尿酸膠原蛋白
她說她就是以上步驟有擦也有口服的
讓皮膚不要太乾 想問還有皮膚乾的人也這樣吃?",最近皮膚換季變很乾...，有擦一點油加強保濕，雖然保濕感有提升 但我悶出很多小粉刺，我室友是乾肌 她說她保養步驟是肌研化妝水+dr.wu精華，還有吃美之選的玻尿酸膠原蛋白，她說她就是以上步驟有擦也有口,2021-01-04T06:32:12.060Z,2021-01-04T06:32:12.060Z,美妝,makeup,F,
235108564,一支唇膏拯救整個妝容,"https://i.imgur.com/9QwJl3P.jpg
這是一個普普通通
頭髮還飛起來的一般妝容
.
.
.
.
.
.
.
.
.
.
擦上唇膏後
https://i.imgur.com/mY7OG6I.jpg


補美妝點⬇️
https://i.imgur.com/H9BWX1G.jpg
https://i.imgur.com/wQ39v9r.jpg

妝感：霧面
使用感受：乾，但不會到不舒服
唇周容易暈
顏色很飽和，成熟不顯老氣
以價格來說cp值高


以上🙏🏻",這是一個普普通通，頭髮還飛起來的一般妝容，.，.，.，.，.，.，.，.，.，.，擦上唇膏後，補美妝點⬇️，妝感：霧面，使用感受：乾，但不會到不舒服，唇周容易暈，顏色很飽和，成熟不顯老氣，以價格來說cp,2021-01-04T05:49:23.370Z,2021-01-04T11:01:24.372Z,美妝,makeup,F,
235108535,提提研VS mediheal 斗幾?,"打給厚!身為一個面膜資深大戶今天要來分享台灣品牌跟韓國品牌面膜的比較，
一個是提到台灣面膜一定會提到的提提研，
一個是韓國很紅的玄彬代言面膜mediheal，
兩者我都至少有用了三盒以上，
除了兩個品牌比較的評比之外還會有一些用戶心得，
來!客官!上圖
  
https://i.imgur.com/BodN7wl.jpg

https://i.imgur.com/abeJXXL.jpg

首先面膜材質:
提提妍✨✨✨✨✨
mediheal✨✨✨✨
不得不說，雖然mediheal的面膜材質已經讓我很滿意了但提提研我更喜歡，
細緻貼膚不說，上臉之後有瞬間冰鎮的感覺，我超愛，
但這邊要講一下mediheal的精華多寡是贏提提研的，
mediheal的精華根本像不用錢，浸好浸滿然後打開會溢出來!!
 
膚後補水效果
提提妍✨✨✨ 
mediheal ✨✨✨✨✨
這邊不得不稱讚，mediheal算是我用過前幾名瞬間補水效果超強的面膜
（能讓我覺得有感的面膜不多），
敷完皮膚會變得很透亮，還Q彈Q彈的，可見得瞬間補水的效果有多強，
提提研我的感覺就沒有mediheal來的強，敷完乾掉再遇水會非常非常的滑溜溜，
就代表他的保養成分都是大分子居多，mediheal好像是小分子，我覺得效果有差，
但提提研敷起來是真的舒服到差點睡死忘記拿掉XD
 
功能的比較:
在功能上我自己是覺得mediheal的功效比提提研多一點點，
其實提提研我敷完三盒半下來是覺得他的功能就是保濕為大宗，
但是比起mediheal他更需要長時間的使用才會有比較明顯的效果，
也就是需要配合皮膚的週期使用，
後者mediheal他的功能多了收縮毛孔跟調節皮脂的功能，
用了三盒下來其實蠻有感的，但這邊必須說mediheal他算是急救面膜，
所以瞬間保濕鎖水力才那麼強，不知道能不能每天使用。
 
心得:
其實這樣敷下來如果是我的話會比較考慮medihea，
雖然他的價格普遍便來講比提提研貴滿多，
但因為我不是喜歡每天敷面膜的人，
所以效果快的mediheal比較深得我心，
但是如果是喜歡日常一點一點累積保養跟面膜材質要求很高的人可以選提提研，
因為對我來說一片90塊每天用根本太奢侈，
你們可以依照對面膜的需求去決定自己要買哪種取向的面膜~~
不專業評比就到這裡啦~~~
 
 
 by臉敷到快爛的女子",打給厚！身為一個面膜資深大戶今天要來分享台灣品牌跟韓國品牌面膜的比較，一個是提到台灣面膜一定會提到的提提研，一個是韓國很紅的玄彬代言面膜mediheal，兩者我都至少有用了三盒以上，除了兩個品牌比較的,2021-01-04T05:44:41.586Z,2021-01-04T05:45:39.767Z,美妝,makeup,F,
235108505,臉容易長痘痘,"請問有推薦面膜嗎
臉容易出油又容易長痘痘",請問有推薦面膜嗎，臉容易出油又容易長痘痘,2021-01-04T05:39:08.199Z,2021-01-04T05:39:08.199Z,美妝,makeup,M,
235108448,快樂的做臉日#佐登妮絲分享,"乾肌的大家入冬後還好嗎?
我蠻不好的 臉會脫小屑 但擦保養油又很容易悶出痘
覺得很討厭所以就查網路推薦做臉補水的課程
第一次去才600塊就先衝了 我是去南港永吉的佐登妮絲
https://i.imgur.com/doVpMN9.jpg

真的好險有預約 平日去人竟然不少@@照片是我離開前拍的~
不過櫃台接待還蠻迅速的 美容師先請我填一些基本資料
大概了解一下我有沒有對保養品過敏那類的
就開始幫我做虹膜檢測 聽美容師說第一次做都會送這服務
可以了解自己身體有沒有哪裡要注意的
然後就換上美容衣 直接進SPA室 每間都是單人的 覺得這個還不錯
不然旁邊如果有別人就很尷尬...
美容師先用一個測臉上油水度的儀器 測出來我果然乾肌 正常數值她說是40-50
但我只有28超乾 所以就幫我換了一組更保濕的保養品
接著就幫我卸妝 上它們家的龍血(應該是這樣寫?!)和玻尿酸乳液
這兩個混合擦在臉上我雖然沒摸臉 但感覺潤潤的
味道很像蜂蜜水 蠻奇特不會覺得難聞
在我閉目養神 其實就是睡覺 忽然感覺有個涼涼的儀器在臉上推
美容師說是它們的導入儀 然後最後敷完保濕面膜後 儀器模式改成溫熱的
在臉上推超級舒服 敷臉的過程 美容師也沒跑去休息
還幫我按了肩頸跟手臂 而且不是隨便按按喔 力道是很足的
也有幫我按太陽穴 我整個放鬆到天堂XDDD
https://i.imgur.com/lijcr8M.jpg

課程結束後 不免櫃台姐姐有問我體驗如何 我是跟她說很滿意
但談到買課程 我是說我再考慮一下 因為不知道這保濕續航力怎樣
她就沒繼續推我 給我觀感還不錯
做臉完到現在也好幾天了 上底妝都很服貼
出門不用帶補水噴霧很讚!",乾肌的大家入冬後還好嗎？我蠻不好的 臉會脫小屑 但擦保養油又很容易悶出痘，覺得很討厭所以就查網路推薦做臉補水的課程，第一次去才600塊就先衝了 我是去南港永吉的佐登妮絲，真的好險有預約 平日去人竟然不,2021-01-04T05:29:17.715Z,2021-01-04T05:29:17.715Z,美妝,makeup,F,
235108404,需要買化粧水嗎,"最近手上的保養品很齊全了，膚況也很穩定
（代謝用的酸類、美白精華、保濕精華、防曬乳）

剛好之前拿到的化妝水試用品快用完了
（是innisfree的發酵豆系列，無功無過，無感）

原本也一直在考慮要不要買化妝水
但這樣又有點雞肋，
畢竟要保濕就擦玻尿酸精華液就好
多了化妝水感覺只是多一個過敏長痘的風險
（我很容易過敏、長痘，所以不太敢亂買）

這樣還要買化妝水嗎？
我快29歲了，曾經得過酒糟但已經100%痊癒，
目前膚況很健康，偶爾有生理痘而已。

還是要思考買別的產品呢？
還是可以推薦我敏感肌可以用的化妝水呢？
提供一下選手，或推薦我也可以

1. 無印良品敏感肌化妝水
2. 韓國under ten 化妝水（我人在韓國，非業配）
3. 韓國獨島化妝水
4. 雅漾礦泉噴霧
5. 韓國 one thing 積雪草化妝水

求求點醒我！
不要太兇，謝謝QQ",最近手上的保養品很齊全了，膚況也很穩定，（代謝用的酸類、美白精華、保濕精華、防曬乳），剛好之前拿到的化妝水試用品快用完了，（是innisfree的發酵豆系列，無功無過，無感），原本也一直在考慮要不要買,2021-01-04T05:19:05.092Z,2021-01-04T05:35:24.259Z,美妝,makeup,F,
235108356,#請益 蘭芝就沒消息了,"之前蘭芝官網有雙十一活動
其中有一項是滿1500送鍵盤

我湊到後發現這個活動默默消失
一個月前私訓小編之後也沒消息
https://i.imgur.com/0cC8aPB.jpg

有人還記得這個活動嗎ಥ_ಥ",之前蘭芝官網有雙十一活動，其中有一項是滿1500送鍵盤，我湊到後發現這個活動默默消失，一個月前私訓小編之後也沒消息，有人還記得這個活動嗎ಥ_ಥ,2021-01-04T05:11:43.139Z,2021-01-04T05:11:43.139Z,美妝,makeup,F,
235108257,冬季腮紅｜Cezanne柔亮腮紅19、20分享,"https://i.imgur.com/Yxgb1a1.jpg

2020年秋天，日本很紅的#Cezanne柔亮腮紅 出了新色!最近終於買回來🧡這系列的腮紅色號選擇多，而且價格方面非常經濟實惠，很得入手。新出的腮紅顏色非常溫柔又治癒，很有冬日的氛圍感🧡




Cezanne柔亮腮紅
▽粉質普通，粉壓得很實不會飛粉
▽不會太過於顯色，不易失手，新手友好!
▽持色效果偏低，帶妝8小時會輕微掉色
https://i.imgur.com/kYVQS13.jpg


✔️19 #ペールベージュ 淺米色
裸色腮紅，刷上臉頰有珠光光澤感，輕輕地上蘋果肌能夠有優雅知性的感覺🧡雖然是珠光的腮紅但不會太過於顯毛孔。想要有清淡的腮紅，日常上班上課使用不會太搶眼，可以考慮購入這顆淺米色🧡健康膚色可能不建議購買
https://i.imgur.com/ySsQIA8.jpg
https://i.imgur.com/wifSQjj.jpg


✔️20 #ジンジャー 生薑色
冬季氛圍感強烈的生薑色，全霧面腮紅。帶有一點奶茶色調的裸棕色，這個新色我超級喜歡!不會太過於重口的溫柔生薑色，能夠搭配各種大地色調妝容，因為色調的關係看起來有修容的效果，多了一絲成熟感🧡
https://i.imgur.com/EKGc9uh.jpg
https://i.imgur.com/XwJqsMw.jpg



整體而言，個人很喜歡這次#Cezanne 新出的兩個腮紅，兩顆的色調分別有適合的場合可以使用。想要比較日常百搭萬用，大部分場合都可以派上用場的話選擇20#生薑色 ，如果喜歡偏清淡的腮紅，打造出裸妝感可以選擇19#淺米色 🧡



#柔亮腮紅#セザンヌ#塞尚",2020年秋天，日本很紅的#Cezanne柔亮腮紅 出了新色！最近終於買回來🧡這系列的腮紅色號選擇多，而且價格方面非常經濟實惠，很得入手。新出的腮紅顏色非常溫柔又治癒，很有冬日的氛圍感🧡，Cezann,2021-01-04T04:57:49.664Z,2021-01-04T05:00:19.902Z,美妝,makeup,F,
235108235,2020年末空空賞,"https://i.imgur.com/xUEo5O4.jpg

自從疫情爆發之後想出國旅遊都沒辦法
幸好2020.1還有去了一趟韓國🇰🇷
原本還訂了五月想要一個人快閃日本三天
機票飯店都訂了
結果疫情的關係無法出門
機票有退
可是飯店因為是訂無法更改日期的那種所以就只能賠了
接下來下一次出國不知道是什麼時候了
希望疫情可以趕快結束
希望新的一年大家健康平安又漂亮
也希望2021可以順利脫單哈哈

回歸正題
2020年末空空賞來了～

https://i.imgur.com/9wJGiA8.jpg
這些大約是在這兩三個月用完的
大部分都是會持續回購的產品
很多也都是我愛用品
❤️表示愛用和回購程度

身體頭髮類（由左至右）
https://i.imgur.com/JtVxHHh.jpg

✨Aveda復原配方修護精華❤️❤️❤️❤️
這已經是我用完的第二條
保濕效果不錯可以讓乾枯的頭髮有一點光澤
也比較不容易打結
依照我頭髮乾枯如稻草的狀態
我覺得後續可能還要再加髮油

✨Sabon沐浴油❤️❤️❤️❤️❤️
好像每次空空賞都會有它
自從買了它我沒用過其他沐浴產品
第一個是因為它的香味很好聞
第二洗完皮膚也不會太過緊繃
沒有到需要立刻馬上當下要擦乳液的狀態

✨Aveda純豐洗髮精❤️❤️❤️❤️❤️
又用完了一大瓶
洗完澎鬆但沒有什麼控油效果

✨保濕護髮❤️❤️
這瓶是在髮廊買的
他是需要沖洗的護髮
保濕程度一般般沒有什麼特別驚艷的效果


洗卸類
https://i.imgur.com/GSAN4Zd.jpg

✨Revive潔面霜❤️❤️❤️
貴桑桑的潔面產品
但只要一點點可以搓出細緻綿密的泡泡
清潔效果還不錯

✨妮維雅眼部卸妝❤️❤️❤️❤️
這個是很多部落客在推的
我用起來不熏眼
睫毛膏能卸除的很乾淨
值得購入試試看

✨orbis卸妝露
沒有圖片是因為空瓶放在廁所
之後要在倒入補充包來使用就沒有丟到準備回收的箱子
卸妝效果不錯價格也不高
我覺得不喜歡使用卸妝油的人可以去試試看
而且是無油成份不會致痘

化妝水
https://i.imgur.com/Q5HxWVj.jpg

✨肌膚之鑰極致淨白露（不評價）
這個是櫃姐送的小樣
說是有美白提亮膚色到效果
但只用這一小瓶也看不出所以然
質地是很清爽很好吸收
但價格很貴就是了
正貨一瓶好像要6500

✨GA黑曜岩新生奇蹟嫩膚露
裡面含有酸類可以代謝老廢角質
我都用化妝棉沾溼後在鼻翼額頭下巴擦拭
真的變平滑不少

✨肌膚之鑰光采保濕露淨透款/保濕款
你要我說到底有什麼明顯的效果
我也說不出來
但是我真的覺得很好用很好吸收
也能穩定肌膚
我最常拿來濕敷但濕敷用量很大

✨肌膚之鑰新生奇蹟水精華❤️
這個在定位上好像是精華水
櫃姐說是在擦完精華再拍到臉上
我喜歡把它拿來當作二次清潔
或者擦了黏膩的東西再把臉上多餘的擦掉
但也不是必須的產品可有可無

精華類
https://i.imgur.com/NSiw2n5.jpg

✨資生堂紅妍肌活露❤️❤️❤️❤️❤️
這個是我2020發現的摯愛
真的好好用
比起小黑瓶和小棕瓶更喜歡
擦完臉部真的軟軟嫩嫩的
而且又能穩定肌膚
絕對會無限回購

✨ipsa淨化歸0前導精華❤️❤️
當作前導精華使用
擦完再搭配按摩手法可以消水腫
很清爽吸收很快
但效果我已經有點記不清了可能沒什麼記憶點

✨肌膚之鑰極致夜間修護精華
這也是小樣
擦起來保濕度有
但有什麼效果我也沒感受到

✨albion高效緊緻安瓶
櫃姐說要連續使用至少七天才能感受到效果
但我覺得使用起來有點黏
用了兩瓶就不想用了

霜類
https://i.imgur.com/mB3NrFr.jpg

✨Dior再生花蜜眼霜（不回購）
這個我擦到快完的時候眼頭長了一顆肉芽
我就不敢用了
剩下的都挖給我妹用


✨蘭蔻絕對完美玫瑰霜
淡淡的玫瑰香
擦完臉上有一層膜感
擦完有明顯的保濕效果
之後考慮會回購正貨

https://i.imgur.com/aSXrvjE.jpg

✨Dior搶眼造型眉筆
眉筆大概是我唯一消耗最快的彩妝品
櫃子裡一直有很多眉筆在同時使用
Dior眉筆算是我第一支專櫃眉筆
很好畫筆頭也是細頭可以畫出一根一根的眉毛
而且優點是不容易斷
不然一支眉筆斷斷斷一下就斷完了

✨mac活力水噴霧
這是櫃上送的滿額贈
上完妝覺得臉乾的時候會拿來噴
減緩乾裂的感覺
味道好聞有一股香味


面膜類
https://i.imgur.com/iAPTFlq.jpg

✨Dr.jart保濕面膜❤️❤️❤️❤️❤️
這個面膜真的很保濕又好用
我是一個極少敷紙狀面膜的人
但是這款我會願意一直回購
雖然我使用次數很少
但冬天臉乾到不行的時候我會敷這個
減緩臉乾的問題

https://i.imgur.com/kjp51wf.jpg
✨GA黑霜面膜（新產品）
這是百大vip得到贈品
他是上下兩片分開
裡面有滿滿的乳霜
敷完20-30分鐘後拿掉
在按摩至吸收
隔天臉上的是水潤有光澤的肌膚
但是一片要1600（？）
超級貴
如果不是贈品真的有點捨不得用



這次空空賞東西沒有到很多
但幾乎都是我喜歡的東西
和大家分享🤣",自從疫情爆發之後想出國旅遊都沒辦法，幸好2020.1還有去了一趟韓國🇰🇷，原本還訂了五月想要一個人快閃日本三天，機票飯店都訂了，結果疫情的關係無法出門，機票有退，可是飯店因為是訂無法更改日期的那種所以就,2021-01-04T04:54:00.895Z,2021-01-04T04:54:00.895Z,美妝,makeup,F,
235107842,問 品牌,"請問有人使用過這家的保養品嗎！
補字補字
https://i.imgur.com/QkWRuE6.jpg",請問有人使用過這家的保養品嗎！，補字補字,2021-01-04T03:48:37.732Z,2021-01-04T03:48:37.732Z,美妝,makeup,M,
235107537,Ysl 小金條小銀條 用量🥺,"如題 想問問有買小金條小銀條的姐妹們！大概都多久用完一隻～之前用沒兩次就搞丟了 但這次又被小粉條燒到～但貌似膏體真的真的真的很少
謝謝各位！🙏🏻🥺",如題 想問問有買小金條小銀條的姐妹們！大概都多久用完一隻～之前用沒兩次就搞丟了 但這次又被小粉條燒到～但貌似膏體真的真的真的很少，謝謝各位！🥺,2021-01-04T03:04:06.553Z,2021-01-04T03:04:06.553Z,美妝,makeup,F,
235107523,#問 艾杜紗染唇膏&etude house亮澤唇膏,"（不知道怎麼開頭）
（直接上選手）
1.艾杜紗染唇膏
https://i.imgur.com/jYdotIj.jpg
看到板上已經有心得文、覺得這支好像很可以(˶‾᷄ ⁻̫ ‾᷅˵)
不過小貴(｡ ́︿ ̀｡)

2.etude house亮澤唇膏
https://i.imgur.com/PXeydwc.jpg
（圖片擷取自尖如限時、不妥會撤ㄉ）
這支在dcard跟ptt居、然、沒、有、任何心得文！！！
想問各位版友是否有用過它、跪求大家的心得啊啊啊啊(;´༎ຶД༎ຶ`)
（依舊不會結尾ㄉ我）",（不知道怎麼開頭），（直接上選手），1.艾杜紗染唇膏，看到板上已經有心得文、覺得這支好像很可以（˶‾᷄ ⁻̫ ‾᷅˵），不過小貴（｡ ́︿ ̀｡），ude house亮澤唇膏，（圖片擷取自尖如限時、不妥會撤ㄉ）,2021-01-04T03:02:03.922Z,2021-01-04T03:02:03.922Z,美妝,makeup,F,
235107459,covermark羽紗絕對是油田的蜜糖#有全臉照,"冬天到了~我看美妝版很多人都在講適合乾肌的底妝 乾肌的保養品
身為一個臉有點油的人 難免是有點落寞QAQ
我混合偏油 毛孔+黑頭特別明顯
蜜粉很常定心酸 上妝後一出門就土石流
因此我最近很少用粉底液 都直接拍covermark羽紗粉餅
https://i.imgur.com/oEG9zYb.jpg
這顆是油肌朋友大力生火我的 看她夏天用也沒脫妝我就跟著買來用
它的粉質摸起來很細很舒服 粉撲很厚很有彈性
拍起來給我感覺抓粉力很好
沾多少就是會直接表現在臉上 不會邊拍邊飛粉
我用到現在的心得是一點一點多次拍最適合!
剛完妝的我如下圖 請假裝沒看到我的分岔的頭髮哈 
https://i.imgur.com/iElIlup.jpg
我鼻子有擠過痘痘的坑洞XD
完妝後覺得羽紗有修飾掉我臉上的洞
讓我看起來很皮膚很好沒啥瑕疵~
控油力我覺得大概4顆星 我一整天只有用紙巾擦過一次油
油吸掉後沒補妝 是這樣的妝效
https://i.imgur.com/VmFktrK.jpg
還是一條活龍 還可以再下一攤~",冬天到了~我看美妝版很多人都在講適合乾肌的底妝 乾肌的保養品，身為一個臉有點油的人 難免是有點落寞QAQ，我混合偏油 毛孔+黑頭特別明顯，蜜粉很常定心酸 上妝後一出門就土石流，因此我最近很少用粉底液 ,2021-01-04T02:53:24.470Z,2021-01-04T02:53:24.470Z,美妝,makeup,F,
235107217,12月愛用品分享🥳,"2021已經開始幾天了
不知道大家過的怎麼樣🤍
今天發的這幾樣產品
都是過去幾個月一直在使用的產品
https://i.imgur.com/9sDRtcs.jpg
https://i.imgur.com/fp4kIj6.jpg
https://i.imgur.com/EaSvl2I.jpg
https://i.imgur.com/28kLyhp.jpg
https://i.imgur.com/DNQVEAH.jpg
謝謝你們看完💗
如果喜歡 歡迎追蹤 
不一定都是美妝產品
有時候會有一些生活類的產品
或者未來也有點想寫一些保養品品牌故事什麼的 
不知道你們有沒有興趣

https://www.instagram.com/pin.skinshare/",2021已經開始幾天了，不知道大家過的怎麼樣🤍，今天發的這幾樣產品，都是過去幾個月一直在使用的產品，謝謝你們看完，如果喜歡 歡迎追蹤，不一定都是美妝產品，有時候會有一些生活類的產品，或者未來也有點想寫,2021-01-04T02:11:52.133Z,2021-01-04T02:12:32.981Z,美妝,makeup,F,
235107022,我的睡前儀式分享(♡´･ᴗ･`♡),"不知道大家有沒有什麼一定要做的睡前儀式
做完這些之後才會有可以入睡的感覺(•ө•)

我自己是習慣睡前洗澡 洗完澡後就是我的儀式時間
先放上儀式工具的合照
https://i.imgur.com/mYrHcBa.jpg
儀式1-開起香氛機
睡前我會需要有香香療癒的味道提醒我靈魂最深處該睡了ԅ(♡﹃♡ԅ)
味道的話就不拘 看我當天心情做選擇

儀式2-保養
我雖然喜歡香香療癒的味道 但保養品我還是追求無色無香的簡單保養
(而且也不想讓保養品在這個環節讓我的鼻腔充滿著不同味道....)
這也是為何我喜歡用這家薏仁水濕敷的原因
(BTW他們家現在正面有logo naturie可以認了 跟我之前在日本買的版本一樣~)
可喜可賀在邁入冬天的季節裡他們家又出了同系列的乳液!
所以這次也一起入手
(看板上還沒人分享過 所以讓我當阿姆斯壯吧（´・｀ ）)

naturie的乳液質地是水水潤潤的感覺
擠出來會帶有點透白透白的顏色
https://i.imgur.com/20VLaq3.jpg
推開之後為了可以更看的清楚質地 所以我把濾鏡關掉了
(照片為哀鳳12原相機)
很好推開 推開也不會有黏膩感

https://i.imgur.com/IC7mtGO.jpg
用薏仁水濕敷完之後 最近就會上這罐乳液來加強鎖水
加上這罐延展性夠 所以還會搭配旁邊的按摩片做按摩
就算氣溫驟降 但身為混合肌的我這樣搭配使用皮膚都穩定著
保濕效果有感 臉摸起來都還是保持著嫩嫩的感覺
加上質地清爽 所以不會有睡覺時黏滿臉頭髮的狀況發生~
算是我目前覺得cp值頗高的搭配
以上就是我的睡前儀式啦

好奇大家的入睡儀式都是什麼呢
歡迎大家跟我分享自己的SOP啦♡(ŐωŐ人)♡",不知道大家有沒有什麼一定要做的睡前儀式，做完這些之後才會有可以入睡的感覺（•ө•），我自己是習慣睡前洗澡 洗完澡後就是我的儀式時間，先放上儀式工具的合照，儀式1-開起香氛機，睡前我會需要有香香療癒的味,2021-01-04T01:06:30.109Z,2021-01-04T01:06:30.109Z,美妝,makeup,F,
235107021,#請益 蘭韻紙纖化妝棉,"想問大家
這兩款是一樣的嗎
https://i.imgur.com/G9nWQl7.jpg
https://i.imgur.com/vyxTgmN.jpg
我怕會不會差一個字結果完全不一樣😅


如果一樣的話這款也是囉？
https://i.imgur.com/Iw51QpY.jpg",想問大家，這兩款是一樣的嗎，我怕會不會差一個字結果完全不一樣，如果一樣的話這款也是囉？,2021-01-04T01:05:58.990Z,2021-01-04T01:09:39.901Z,美妝,makeup,F,
235106954,#分享 割雙眼皮術後一個月分享#雙眼皮貼#雙眼皮手術,"嗨大家好，我是綺綺
今天來跟大家分享我割雙眼皮的心得
先跟大家分享一下做之前的眼皮狀況
（都是有貼雙眼皮貼的情況下）
https://i.imgur.com/peSxWvF.jpg
https://i.imgur.com/V7ZHrbR.jpg
https://i.imgur.com/yq6GDrR.jpg
會想去做雙眼皮
是因為我本身是內雙
剛睡醒眼睛會比較單，或是一單一雙
（每天都不一定的那種🥲）
所以一直習慣會貼雙眼皮貼
應該是大一大二的時候開始貼
一開始都用雙眼皮膠水後來改用單面雙眼皮貼
因為單面的雙眼皮貼比較舒服😌
https://i.imgur.com/2YlJuDw.jpg
話說這款真的蠻隱形的，而且很黏，眼皮就算出油到爆，它還是在😌
（附上閉眼照）
https://i.imgur.com/0eCeX7O.jpg
因為長期貼，眼皮真的會比較鬆一點
沒有貼的時候眼睛就會再更單一點
其實從大三的時候就一直有想去縫或割
最近才下定決心去，是因為我上個月眼皮貼到
大過敏破皮流血（雖然我都有用眼唇卸妝水濕敷，再把雙眼皮貼拿掉）
本來就很想去弄 加上眼皮破皮流血的我
諮詢完當下就預約三天後的手術（這種時候效率莫名的好）😂
因為離手術時間超短
我每天都狂刷手機
看要做哪一種雙眼皮
（小紅書上所有文章我的看完惹☺️）
（再此感謝被我叨擾的眾親友們，我愛你們）
最後跟醫生討論的情況下
（在手術室要做之前最後的討論）
因為我有蒙古摺，加上我不想開眼頭
所以醫生建議眼頭的部分做內開式雙眼皮
（永別了我的徐若瑄同款外開雙眼皮🥲）
寬度則是我眼睛條件，自然的情況下
能做最寬的寬度
（因為我有跟醫生說我喜歡寬的雙眼皮）
啊對要說一下我為什麼選割的
因為我覺得手術一定很痛，想說做可以維持久一點點的（事實上也是真的很痛）
主要也是因為用割的才可以拿掉一些多餘的皮或脂肪（畢竟我眼皮貼久有點鬆）
當然割的恢復期長很多～
要割或縫大家還是要認真跟諮詢師或醫生討論
每個人眼睛條件不一樣呦！
沒有說哪個一定比較好
真的是看個人需求💞
-以下放上一些我拍的照片或是小影片-
附上割之前的影片
https://www.dcard.tw/v2/vivid/videos/f18f58b3-4531-4864-86cf-fbcb135c16f2?r=1.7777777777777777
剛割完麻藥退的時候很不舒服
冰敷的時候都還會有點滲血🥲
https://i.imgur.com/A2nk8SW.jpg
https://i.imgur.com/vT8Fhlr.jpg
https://i.imgur.com/89hn8zI.jpg
https://i.imgur.com/cVX3R1g.jpg
https://i.imgur.com/KTAubad.jpg
https://i.imgur.com/xAU4R6S.jpg
https://i.imgur.com/afLixYb.jpg

https://i.imgur.com/O3RclX3.jpg
https://i.imgur.com/sHsj2wY.jpg
我是第八天去拆線的
醫生說有一邊眼摺不太順
叫我不要太擔心
https://www.dcard.tw/v2/vivid/videos/cdfa0ebf-6111-4ef9-a638-f91a64c59cf6?r=1.6494845360824741
但我還是有點擔心
所以那幾天心情不怎麼樣
都沒有拍照😂
一直鬱鬱寡歡的我
直到男友看不下去帶我去散心，才有拍照
https://i.imgur.com/GJ1GkIx.jpg
https://www.dcard.tw/v2/vivid/videos/9584bf72-9627-4939-986d-67cda2883e84?r=1.7777777777777777
https://i.imgur.com/m6XT0bc.jpg
https://i.imgur.com/liVALXe.jpg
https://i.imgur.com/N6HGlRZ.jpg
https://i.imgur.com/Xvc711z.jpg
Day21附上影片
好孩子不可以學 
要認真熱敷，少用眼才會消腫比較快
https://www.dcard.tw/v2/vivid/videos/eeb82203-4215-4971-bcfb-6053ad8f876e?r=1.7777777777777777
https://i.imgur.com/vxY7BFi.jpg
https://i.imgur.com/OBxhiPw.jpg
https://i.imgur.com/4YhuaXZ.jpg
Day27心情很好 附上影片😂
內容是我在Xpark吃黑色的薯條
（話說那個好好吃）
https://www.dcard.tw/v2/vivid/videos/29caa6f6-c4df-44c7-bfc7-70a9a0e0bc62?r=1.7777777777777777
目前的眼睛狀況是這樣～
影片內容是跟閨蜜閒聊😂
https://www.dcard.tw/v2/vivid/videos/74ae7060-d34b-4a03-b2b2-15587d7083ee?r=1.7777777777777777
最後我是在板橋的光澤診所做的～
（館前東路2號那家）
可以拿著這篇文章說妳要找「玉婷」諮詢
她人真的超好（因為問的人真的蠻多的，我有問過姊姊可不可以給大家講了）
當然以上都是我肺腑之言
診所沒有給我錢錢的😂
-感謝妳看完我的文章-
希望在變漂亮的路上
有你有我！❤️
https://www.instagram.com/esther.821/",嗨大家好，我是綺綺，今天來跟大家分享我割雙眼皮的心得，先跟大家分享一下做之前的眼皮狀況，（都是有貼雙眼皮貼的情況下），會想去做雙眼皮，是因為我本身是內雙，剛睡醒眼睛會比較單，或是一單一雙，（每天都不一,2021-01-04T00:24:54.664Z,2021-01-04T10:02:30.616Z,美妝,makeup,F,
235106935,#試色 YSL恆久完美柔霧蜜粉餅,"最近在觀望YSL蜜粉餅
透明蜜粉餅跟自然色蜜粉餅 哪種比較適合補妝用呢..
超苦惱😖
https://i.imgur.com/6LQDPpE.jpg",最近在觀望YSL蜜粉餅，透明蜜粉餅跟自然色蜜粉餅 哪種比較適合補妝用呢..，超苦惱,2021-01-04T00:13:23.355Z,2021-01-04T00:13:23.355Z,美妝,makeup,F,
235106709,#請益 眼影新手求救！！！,"因為就讀藝術類別的科班  常常需要上台
所以高中的時候開始學了一些基本的妝容
但一直以來對眼妝真的是很有障礙
不知道該怎麼畫.....  尤其是眼影
也有上網看過一些影片  可是真的有看沒有懂

想詢問一下
1.眼型不同會有不同的畫法嗎？
2.眼影盤好多顏色要怎麼選擇順序？
3.只畫眼影(不含眼線)眼睛也能有放大的效果嗎？
要怎麼畫才能有放大的效果？
( 因為我畫完基本的底妝之後覺得眼睛好像會被吃掉   顯小 )
4.有沒有什麼很推的教學影片？

我真的很有障礙😭  請不要炮我

小女子跪求幫助🙏🏻  
祝大家新年快樂2021一切順利",因為就讀藝術類別的科班  常常需要上台，所以高中的時候開始學了一些基本的妝容，但一直以來對眼妝真的是很有障礙，不知道該怎麼畫.....  尤其是眼影，也有上網看過一些影片  可是真的有看沒有懂，想詢問,2021-01-03T20:21:45.174Z,2021-01-03T20:21:45.174Z,美妝,makeup,F,
235105724,#問 Innisfree濟州紅茶極效修護安瓶,"哈囉各位，小妹我前幾天去Innsfree門市回收空瓶抵現金的時候拿到了新品紅茶系列的試用品，剛剛洗完澡拿出來試用，不試用還好，一試用不得了！感覺整個效果很好很快！我整個被燒到了哈哈哈，上官網查一瓶30ml$1280不便宜
https://i.imgur.com/bByQYVI.jpg
，爬文也沒什麼資料，所以上來請問一下有沒有好姐妹用過的可以給些回饋或建議，讓小妹我不要花冤枉錢。
謝謝你們！",哈囉各位，小妹我前幾天去Innsfree門市回收空瓶抵現金的時候拿到了新品紅茶系列的試用品，剛剛洗完澡拿出來試用，不試用還好，一試用不得了！感覺整個效果很好很快！我整個被燒到了哈哈哈，上官網查一瓶30,2021-01-03T16:25:16.317Z,2021-01-03T16:25:16.317Z,美妝,makeup,F,
235105678,#請益 耳洞癒合了啦,"想請問板上的女孩們
打完耳環
我帶了一個月的醫療針
然後拔下來兩天就穿不過去了
是不是癒合了
嗚嗚嗚嗚嗚
我不想重打阿😭😭😭😭
想問有癒合的可能嗎",想請問板上的女孩們，打完耳環，我帶了一個月的醫療針，然後拔下來兩天就穿不過去了，是不是癒合了，嗚嗚嗚嗚嗚，我不想重打阿，想問有癒合的可能嗎,2021-01-03T16:18:05.790Z,2021-01-03T16:18:05.790Z,美妝,makeup,F,
235104920,#分享 Stella二手拍小小的戰利品,"今天有我自己很喜歡的ytr二手拍，湊巧場地也離我家走路只要15分鐘左右，身為懶人的我就很開心的報名XD

活動場地有人數限制，大家也都有好好戴著口罩，裡面有精品、服飾、彩妝和保養

因為我自己本來不打算買東西，純粹去看看導致太晚去的關係，其中最有興趣的彩妝部分剩下一點點，本來想說沒有喜歡的就算了，但還是挖到了一塊近乎全新的四色眼影，二手拍價格以台灣的定價來說算是打四折左右

⬇️suqqu 2018限定眼影盤 向陽葵
https://i.imgur.com/Lvw2WJV.jpg
其實原本應該更完整，買回來手部試色的時候太粗魯，把字體都抹掉了(つд⊂)

https://i.imgur.com/AfZmUl2.jpg
分別是銀白色珠光、帶棕調的緞光淡橘色、帶細碎亮閃的珠光黃色以及一樣戴著細閃的墨綠色，粉質都超級好暈染!

當初會買就是看上這個黃色，原本在小香聖誕彩妝克制自己不要買少用的黃色眼影，結果還是在二手拍買了別的牌子的🤦‍♀️

這個黃單看很可怕，其實上眼後飽和度並不高，不像是歐美盤如yes please一樣不好駕馭

黃色可以上在上下眼皮前1／3當作亮點，右上的橘色上在上下眼皮後2／3，墨綠色當作眼線，銀白色打在眼頭，就會是有點變化的日常妝，但建議膚色偏白的人使用才會顯現出顏色

我自己還會搭配別盤的深棕色加強眼妝深邃度，因為這盤的墨綠色對我而言會顯髒，之後應該是不會再用它了，平日單上右上的橘色就很好看～

而且不知為何，收限定的產品總是會讓我有種開心的感覺，就像是會不斷收集香奈兒季節限定彩妝一樣(*¯︶¯*)

總體來說，如果ytr的二手拍下次還辦在台中這次的場地我應該也是會去，而且會報前面一點的場次😂如果是喜歡買精品的也很值得看到有些現在很夯的包包或配件，晃來晃去的時候有瞄了下感覺很新

而且結帳的時候還有送台中有名的三明治，也跟這ytr拍照，本人真的很高很漂亮，還很溫柔的拿罐裝水給我XD",今天有我自己很喜歡的ytr二手拍，湊巧場地也離我家走路只要15分鐘左右，身為懶人的我就很開心的報名XD，活動場地有人數限制，大家也都有好好戴著口罩，裡面有精品、服飾、彩妝和保養，因為我自己本來不打算買,2021-01-03T14:38:16.670Z,2021-01-03T14:38:16.670Z,美妝,makeup,F,
235104825,新手眼線求批🙏🏻,"今天第一次化眼線，是參考Mindy之前發的眼線教學影片，不知道這樣哪裡還可以做改進的，會不會看起來很奇怪，請大家幫我看看～～謝謝謝謝🙏🏻

https://i.imgur.com/xsTwqIT.jpg",今天第一次化眼線，是參考Mindy之前發的眼線教學影片，不知道這樣哪裡還可以做改進的，會不會看起來很奇怪，請大家幫我看看～～謝謝謝謝,2021-01-03T14:25:15.845Z,2021-01-03T14:25:15.845Z,美妝,makeup,F,
235104489,#開箱 蘭蔻買粉底送仙女許願球🔮,"火速開箱熱騰騰的戰利品✨
前幾天滑IG看到🔥
蘭蔻買任兩件粉底會送一顆粉嫩嫩的仙女許願球🔮
連假路過去靠櫃，一回神就帶了一組底妝
蘭蔻小奶蓋粉底液＋新的水粉餅😂
https://i.imgur.com/LG1n7jo.jpg

必須說我真的是蘭蔻粉底的骨灰粉
現在不管是零粉感、絕對完美還是小奶蓋我都有買🙆
加上進入秋冬想換一塊粉餅就一起帶了👛
粉很保濕，摸起來很滑很細

這次贈品送好好ㄛ～造型深得我心🥺
讓我要用之前忍不住先幫它拍了張沙龍照
內容物有：鑽石粉撲x2💎、極光水+小黑瓶小樣
三樣都很實用✨ CP值很高ㄟ🤣

推薦給入冬想要換底妝嚐鮮or補貨的人
可以趁最近去買～送的贈品很可愛呦💓",火速開箱熱騰騰的戰利品，前幾天滑IG看到，蘭蔻買任兩件粉底會送一顆粉嫩嫩的仙女許願球，連假路過去靠櫃，一回神就帶了一組底妝，蘭蔻小奶蓋粉底液＋新的水粉餅，必須說我真的是蘭蔻粉底的骨灰粉，現在不管是零粉,2021-01-03T13:36:51.613Z,2021-01-03T13:46:35.334Z,美妝,makeup,F,
235104373,#請益 請問蘭蔻零粉感色號,"請問Rimmel紅蓋色號用100的話（有人用過嗎？）
蘭蔻零粉感推薦用哪一色啊
我算是偏冷色調，但是PO 01感覺會太白，BO又有三個顏色
在考慮PO 03或BO 01或03
https://i.imgur.com/Qfcf8xa.jpg",請問Rimmel紅蓋色號用100的話（有人用過嗎？），蘭蔻零粉感推薦用哪一色啊，我算是偏冷色調，但是PO 01感覺會太白，BO又有三個顏色，在考慮PO 03或BO 01或03,2021-01-03T13:15:55.034Z,2021-01-04T13:43:03.856Z,美妝,makeup,F,
235104250,L’Oréal 小黑瓶變小紅瓶？？？,"各位請先不要噴我 我觀望Loreal的小黑瓶很久了
只是我真的百思不得其解⋯⋯

https://i.imgur.com/BN1yR7l.jpg

這跟小黑瓶是同個東西嗎？？
打開的當下差點以為自己眼睛ㄊㄨㄚˋ康

還求各位廣大卡友解惑 我認真的

(;´༎ຶД༎ຶ`)",各位請先不要噴我 我觀望Loreal的小黑瓶很久了，只是我真的百思不得其解⋯⋯，這跟小黑瓶是同個東西嗎？？打開的當下差點以為自己眼睛ㄊㄨㄚˋ康，還求各位廣大卡友解惑 我認真的，（；´༎ຶД༎ຶ`）,2021-01-03T12:56:37.429Z,2021-01-03T12:56:37.429Z,美妝,makeup,F,
235104050,#霧眉#高雄霧眉#自然霧眉,"前陣子不小心把自己的眉毛給剃壞了～
雖然平常有在畫眉毛
But~~各位應該是知道眉毛這種東西真的是很看手感ㄟ
化妝老手真的眉毛怎麼畫都很好看
但我本人雖然眉毛量是有的，但還是會想畫個好看的眉毛
但每次的形狀真的是時好時壞，又或者覺得畫得很好，但要拍照的時候就覺得眉頭超粗....
然後～～經過我選了好幾家，看了好個照片之後
我就選到高雄的這家新開幕的霧眉個人工作室(￣▽￣)👍
雖然是剛開幕～但霧眉師在那之前已經有在其他地方工作兩年了
是近期出來創業的～～
而且價格真的很佛🥺🥺😍
霧起來又真的是很自然～
單次霧眉3000$
霧眉三個月內補色一次4000$

因為我真的是一個做事都是需要靠衝動的人，所以看到她得作品和價格之後我就立馬和霧眉師約ㄌ～～

先奉獻上我的素眉～
https://i.imgur.com/Mfnk5cM.jpg
.
.
.
.
.
.
.
等待了兩個多小時後的我....







https://i.imgur.com/Mc9tmIK.jpg
噹啷～～✨✨✨✨

超自然的 我有夠喜歡～～重點才剛霧完欸～～
所以結論就是！
喜歡的事就要做🌝",前陣子不小心把自己的眉毛給剃壞了～雖然平常有在畫眉毛，But~~各位應該是知道眉毛這種東西真的是很看手感ㄟ，化妝老手真的眉毛怎麼畫都很好看，但我本人雖然眉毛量是有的，但還是會想畫個好看的眉毛，但每次的,2021-01-03T12:21:35.298Z,2021-01-03T12:48:35.512Z,美妝,makeup,F,
235104015,#討論 蘭蔻 欠貨,"去年10月在新光三越預購會購買蘭蔻商品
欠貨商品的部分，櫃姐說11月會送到府 
11/8傳簡訊表示疫情影響產能會延後出貨 
11月底也寄出相同的簡訊
到今天1/3都沒消息，於是我打去櫃位詢問
櫃姐說 當天支援人員不知道粉底液BO-02色號即將停產，所以沒貨，問我要不要改色號？
因為沒買過蘭蔻粉底液，我還要再抽空到到櫃上試色

第一次買專櫃就碰到這種事，直到我打電話過去才告知色號停產了
如果沒打電話詢問，是要等到什麼時候？
請問大家這種情況正常嗎？",去年10月在新光三越預購會購買蘭蔻商品，欠貨商品的部分，櫃姐說11月會送到府，11/8傳簡訊表示疫情影響產能會延後出貨，11月底也寄出相同的簡訊，到今天1/3都沒消息，於是我打去櫃位詢問，櫃姐說 當天,2021-01-03T12:17:14.514Z,2021-01-03T12:46:45.355Z,美妝,makeup,F,
235103840,#分享 好物推薦 ✨,"Hello 大家好我是184～
今天想跟大家分享近期購入的好物 💫

年底的聖誕 🎄 跟跨年 🎆
大家有沒有參加活動呢 😎
說到活動一定要畫個美美的妝出席吧 ✨
剛好今天分享的產品很適合派對聚餐喔 🎉

https://i.imgur.com/WU6KPJx.jpg

主要分享眼妝用到的產品 👀
是來自泰國的彩妝 ZENN ✨
在屈臣氏巡田水時購入哈哈 😎

https://i.imgur.com/fvhh4N0.jpg

分別是
星空眼影-銀河 #Z504 🌌
簡單小眼影-流星 #HPK-01 🌠

🌌 銀河是軟軟的不會飛粉的質地
底色是超美的紅棕色上面閃爍著藍色小亮粉
🌠 流星的質地摸起來粗粗的
但不是一般粉狀的眼影 服貼性也很好
底色是一點點橘色接近透明
上面有藍色和黃色偏的大亮粉(比銀河亮)
要多刷幾次就能疊擦到很閃亮喔 ✨

https://www.dcard.tw/v2/vivid/videos/fb0bd1be-71fb-48e2-a3f1-e2dae94181da?r=1.0

分享聖誕節跟朋友聚餐的眼妝畫法 🥳
首先使用銀河大範圍塗滿上下眼皮
接著使用流星打亮眼中 眼頭 及臥蠶 💫
兩個步驟輕鬆完成 ✅
(銀河有紅棕色打底可以直接讓變眼睛深邃)
最後畫上眼線 刷上睫毛膏就好囉 🎉
超快的哈哈 😄
適合派對的眼妝就完成囉 😎✨

https://i.imgur.com/AfNJyJU.jpg

同場加映 🎥
順便跟大家推推近期最愛的唇膏 💄
Bobbi brown 金緻水光唇膏 #boldhoney 
底下的照片比較接近真實的顏色喔 👌
深裸棕色真的好時髦 ❤️❤️❤️

https://i.imgur.com/5CyhTHy.jpg

💡小提醒
這隻唇膏適合有化妝並且有畫眼妝的時候擦 😘
不然一般使用上會比較沒氣色或是像中毒喔 💀

今天分享到這裡～
不知道大家喜不喜歡好物推薦呢 😘❤️",Hello 大家好我是184～今天想跟大家分享近期購入的好物，年底的聖誕  跟跨年，大家有沒有參加活動呢，說到活動一定要畫個美美的妝出席吧，剛好今天分享的產品很適合派對聚餐喔，主要分享眼妝用到的產品，,2021-01-03T11:50:32.693Z,2021-01-03T16:17:48.880Z,美妝,makeup,M,
235103704,#分享 美睫模特兒,"誠徵美睫麻豆
免費操作！！！
有興趣快到原文+1😍",誠徵美睫麻豆，免費操作！！！，有興趣快到原文+1,2021-01-03T11:27:34.293Z,2021-01-03T11:27:34.293Z,美妝,makeup,F,
235103583,#情報 霧眉_東港地區,"慈惠醫專學生看過來🎉🎉🎉
重操舊業的美容本科生累積作品中

☑️美容乙、丙級證照

不適用於糖尿病、心臟病、懷孕、蟹足腫、尋麻疹、紅斑性狼瘡炎、未滿18歲者


https://i.imgur.com/nQ0TdH0.jpg
https://i.imgur.com/661JbWM.jpg",慈惠醫專學生看過來，重操舊業的美容本科生累積作品中，️美容乙、丙級證照，不適用於糖尿病、心臟病、懷孕、蟹足腫、尋麻疹、紅斑性狼瘡炎、未滿18歲者,2021-01-03T11:02:19.954Z,2021-01-03T11:02:19.954Z,美妝,makeup,F,
235103419,試色6隻YSL小粉條跟玫瑰金蓋,"YSL玫瑰金系列唇彩試色來了
https://i.imgur.com/qGBQoMx.jpg
一口氣買了好幾隻
因為到現場試色時發現每一隻都好美無法做決定
只好把比較喜歡的顏色都收了
剛好玫瑰金蓋跟小粉條的顏色都買一樣的
給大家對比一下兩種質地同個色號的差別是什麼
也順便給大家看看我滿額拿到的超美收納盒
這6隻除了小粉條211之外
其他5隻都是我自掏腰包購入
絕對不是業配

先附上電子發票跟櫃姐對話證明一下
https://i.imgur.com/VHMM6YH.jpg

https://i.imgur.com/qatX047.jpg
偷偷推一下新竹巨城YSL的天使櫃姐 佩珊
很親切也不用怕被冰_(:з」∠)_

以下為超真實試色
我盡量拍到跟肉眼看到是差不多的顏色
希望能給你們一個參考依據
-
先來說說這次讓我很驚艷的 #玫瑰小粉條
https://i.imgur.com/85u3VM2.jpg
我覺得它的質地介於小金條跟小銀條之間
小金條對我來說太乾
小銀條對我來說又太輕透
所以其實沒有很愛這兩款唇膏
但這次的小粉條真的很對我的味
滑順度優秀、顏色飽和度也適中
唇色遮蓋力大約9成左右
https://i.imgur.com/jmLvNWY.jpg
小粉條乾唇人也能入手
它一點都不乾而且也不會卡死皮
顏色也不會陷進唇紋表現真的很優秀
雖然不防沾染但是喝個水顏色都還會在
https://i.imgur.com/9zqXy9W.jpg
202跟211我覺得必買
兩個顏色在日常使用都很百搭
是個人人都能駕馭的紅棕色

(滿分為五分)
遮蓋力：4
保濕度：3
飽和度：4.5
顯色度：4
持久度：4
香味：淡淡紅酒味
價格：$1360
-

👉🏻再來是最多人敲碗的 #玫瑰金蓋
https://i.imgur.com/acMFnnC.jpg
這隻的飽和度比我想像中的好一點
薄擦大概只能遮蓋7成左右的唇色
厚擦至少能遮蓋8到9成
以輕透的唇釉來說表現算不錯了
它的成膜速度很快
所以如果要畫染唇妝的話手腳要快一點
不然後續要疊擦的話就會糊掉
(就像碰到還沒乾的指甲油一樣🤣)

https://i.imgur.com/s3IQftp.jpg
薄擦的話是很自然輕透的日常妝感
厚擦就會變完美的玻璃唇
https://i.imgur.com/3JWproQ.jpg
它的持久度表現也算不錯
雖然也是不防沾染
但是它有微微染唇效果所以喝水顏色都還會在

(滿分為五分)
遮蓋力：3.5～4
保濕度：3.5
飽和度：4
顯色度：3.5～4
持久度：4
香味：淡淡紅酒味
價格：$1360
-
總結來說這次的兩款唇彩表現我都很滿意
包裝也真的是沒話說的美
如果預算有限只能挑一隻的話我會選小粉條
因為好上手使用也方便
帶出門補妝體積也比較小(⁎⁍̴̛ᴗ⁍̴̛⁎)


https://i.imgur.com/YlcPe7f.jpg
這次我也不小心的湊到$6600就得到了這個超美的收納盒
它真的很有份量很有質感
不是爛爛的敷衍贈品(你們能懂我的意思嗎🤣)
拿開隔層還可以變成飾品收納盒
蓋子上還有一面超大鏡子
這次的滿額贈真的太有誠意
只要消費滿$6600且含兩隻新品唇彩就能拿到了
希望大家會喜歡我這次的試色( ´ ▽ ` )ﾉ
我先繼續吃土去了

以上純屬個人感受僅供參考",YSL玫瑰金系列唇彩試色來了，一口氣買了好幾隻，因為到現場試色時發現每一隻都好美無法做決定，只好把比較喜歡的顏色都收了，剛好玫瑰金蓋跟小粉條的顏色都買一樣的，給大家對比一下兩種質地同個色號的差別是什麼,2021-01-03T10:30:05.279Z,2021-01-04T00:24:14.961Z,美妝,makeup,F,
235103388,#分享 CP值爆高挖到寶🥺✨ Missha 眼頰彩唇膏限定組 #辣吻誘惑 Salsa Red,"https://i.imgur.com/OwtGOSp.jpg
首先要感謝我的神人朋友😂
每天都在幫我挖寶
這樣一組5色眼影盤+唇膏*2
只要...200元......😻
根本0秒思考就答應要買了哈哈哈哈

很便宜就算了 顏色也超讚！
這篇Salsa Red走的是一個磚紅色系
超級適合秋冬
而且完全無雷色

💫 Missha Salsa Red Palette
https://i.imgur.com/p30Gj8G.jpg
眼頰彩盤總共有5色
https://i.imgur.com/yoaqxJF.jpg
其中Warmfort、Salsa Red及Lo-fi是霧面質地
Salsa Red的磚紅超美的～顯色度也不錯
不需要太多時間就能暈染得不錯
Melody Fraction是個帶金色偏光的橘棕色
可以當眼影的重點打亮使用
Dive in Mood則是一個帶有細緻珠光的粉橘腮紅色
算是蠻基本不太挑膚色
黃皮（我本人～）用起來也還算不錯👌🏻

實際上眼長醬～
https://i.imgur.com/O9rpZAf.jpg


💫 Missha Dare Rouge Velvet #DANCE ENHANCE、#SALSA RED
口紅的部分有兩色～
https://i.imgur.com/jDluBub.jpg
Dance Enhance是一個土橘色
覺得跟很久以前熱愛過的bbia綠管06很像！
但這個色...深唇人實在駕馭不住😅
而且唇況差會超級！顯死皮！
只能把它當打底色用了～

https://i.imgur.com/FfMSDD8.jpg
Salsa Red就是一個超美ㄉ磚紅(˶‾᷄ ⁻̫ ‾᷅˵)
不多說哈哈哈
怎麼擦怎麼美😻
但因為是霧面質地
也比較容易顯乾or死皮

就醬～簡單分享到這！
大家如果有看到這盤在打折
不要猶豫！結帳就對ㄌ！
真的完全不會後悔啊～～～",首先要感謝我的神人朋友，每天都在幫我挖寶，這樣一組5色眼影盤+唇膏*2，只要...200元......，根本0秒思考就答應要買了哈哈哈哈，很便宜就算了 顏色也超讚！，這篇Salsa Red走的是一個磚,2021-01-03T10:24:12.853Z,2021-01-03T10:25:16.274Z,美妝,makeup,F,
235103316,#分享 最末與最初購入的新品分享～,"嗨～ ˙Ⱉ˙ฅ
今天要來分享去年底最後與今年新購入的彩妝
如果有興趣的話就直接開始吧🥳
🔺照片皆使用IPHONE XS MAX前置鏡頭拍攝
    修圖使用Snapseed 調周圍膚色


去年最後購買的品牌是NARS
要分享的有
黑潮狂熱12色眼彩盤、特霧唇釉#STARWOMAN
先上官網照✨
https://i.imgur.com/Czwf3Wl.jpg

接著手臂試色～（從左到右 從上到下）
https://i.imgur.com/DwXiLSS.jpg

本來是想買單色眼影 但試了好幾個顏色問櫃姐都說沒有貨
後來櫃姐直接推薦這盤
試了最左下的帶金粉的粉色 
就確定了！ 對！ 這是一定要收的！！！

接著聖誕跨年都是用這盤解決 也都備受好評 🥰
（只是都沒用到當初決定購入的粉色🙈）

眼妝簡短分享
https://i.imgur.com/RFUQs5n.jpg
https://i.imgur.com/LkhKvt9.jpg

再來是特霧唇釉#STARWOMAN
最近在看上流戰爭 被千書真口紅顏色美到
就順便拿手機裡截圖詢問櫃姐有沒有類似色
就被推薦了這隻#STARWOMAN 簡稱壞女人色

一樣先上手臂試色
https://i.imgur.com/T2ASawU.jpg
剛上時是這樣濕濕樣子 過一陣子就乾了

https://i.imgur.com/jWWRKcX.jpg
 
接著上唇✨
https://i.imgur.com/ZgTReV6.jpg
https://i.imgur.com/UtcUv9i.jpg
個人覺得對鏡自拍這張比較接近原來的顏色

優點：持久 顯白✅
缺點：有點乾 但不會冒死皮 不好卸會有點染唇

接著分享今天剛購入的TOM FORD💕
https://i.imgur.com/ky4qzpw.jpg
雖然不是粉色控
但跳脫原本咖啡金的包裝就超吸引人的呀🥺🥺🥺

眼影是 03 BODY HEAT
之前有分享過了今天就不再試色
有興趣的可以點卡稱看之前的文章😆

今天主要分享唇膏
禁忌玫瑰限定版設計師絲絨霧光唇膏#26
https://i.imgur.com/hd7Ir4a.jpg

一樣先上手部試色
https://i.imgur.com/YQ73DbX.jpg
是很少女粉的顏色💕
接著上唇
https://i.imgur.com/iJkyhmq.jpg
https://i.imgur.com/huFETBs.jpg
薄擦跟厚擦有很不同的感覺
咬唇可愛 塗好塗滿知性一點(⁎⁍̴̛ᴗ⁍̴̛⁎)

由於只有剛試到嘴上之後會再補充持久度🥺

謝謝看到這的大家
下次分享見～～～～ฅ ˙Ⱉ˙ฅ",嗨～ ˙Ⱉ˙ฅ，今天要來分享去年底最後與今年新購入的彩妝，如果有興趣的話就直接開始吧🥳，照片皆使用IPHONE XS MAX前置鏡頭拍攝，修圖使用Snapseed 調周圍膚色，去年最後購買的品牌是NA,2021-01-03T10:09:18.992Z,2021-01-03T10:10:05.673Z,美妝,makeup,F,
235103302,#請益 這種痘痘可以擠掉嗎,"如題，我第一次長痘痘，以前從來沒有長過，因為我是敏感肌膚，一直以來都只有過敏，結果這次第一次長痘痘就這麼大顆！
有去看皮膚科了，皮膚科醫生是跟我說擦藥擦一個禮拜，可是擦第三天了我只覺得他好像越長越大！
（p.s. 藥是褐黴素）
想請問各位這種痘痘可以擠嗎ಥ_ಥ 
還是我繼續擦藥他會慢慢消掉呢⋯？
如果繼續擦的話要擦多久他才會消失ಥ_ಥ
我快受不了他了⋯
痘痘跟過敏完全是不同東西😭過敏擦藥睡覺隔天就會好了⋯痘痘怎麼都消不掉！！

附上恐怖的痘痘照

https://i.imgur.com/Sdt7UXK.jpg",如題，我第一次長痘痘，以前從來沒有長過，因為我是敏感肌膚，一直以來都只有過敏，結果這次第一次長痘痘就這麼大顆！，有去看皮膚科了，皮膚科醫生是跟我說擦藥擦一個禮拜，可是擦第三天了我只覺得他好像越長越大！,2021-01-03T10:05:37.957Z,2021-01-03T10:16:50.607Z,美妝,makeup,F,
235103296,#分享 日系閃亮亮眼妝✨✨✨（內有影片）,"嗨嗨各位～新年快樂
新的一年開始給自己一點突破
就是完整的拍完一個化妝影片🥲
一直以來我都很喜歡化妝也默默在這裡
分享很長一段時間了 雖然沒有常更新
（跪🧎‍♀️）之後還是想從這個平台先開始慢慢試著從只有圖文開始到放化妝的影片。
一直還是很謝謝在這裡喜歡我的大家！
未來會不會正式拍影片 都還在思索中
因為礙於這裡很壓縮畫質也有影片長度限制
所以影片都壓縮在幾分鐘內然後分成兩段。
（完全不知道原來這邊有限制分鐘數😥）
怕大家因為太快不了解細節
我一樣會文字敘述打出來！
第一次嘗試拍全妝影片可能有很多不習慣
跟不到位的地方 需要改進的
歡迎給我意見！ 我也會好好參考🤍🥺

✨
https://i.imgur.com/hjIuV1c.jpg
先來介紹這次的妝容！
為什麼會說是日系？閃閃妝容
因為我身邊的日本妹妹真的很愛畫這種
閃到不行的妝容✨✨我也跟上畫一個🥰

https://i.imgur.com/QtCjdMP.jpg

☑️Dior 5 Couleurs High Fidelity Eyeshadow 647
顏色適合日常妝容 奶茶色/大地色！
☑️ Pat McGrath-
DIVINE ROSE BLUSHING EYES DUO
前幾篇介紹過它們眼影有興趣的可以找一下。
1️⃣首先兩個色混在一起大範圍上在眼窩
2️⃣用在雙眼皮折的部分
3️⃣圖在眼睛中後半段
4️⃣是比較大的閃片 上在前中半段
5️⃣因為4篇銀白色容易讓眼皮看起來浮浮的
所以最後在正中間疊擦5的咖啡色
下眼瞼中後段也塗一點增加深邃感。
6️⃣塗在臥蟬和下眼瞼中間
☑️眼線-SOPO咖啡色眼線
前陣子在超商買的 意外飽和度蠻高的
也蠻好上色 只是毛有點粗硬 上眼有點不舒服
☑️內眼線-Kate咖啡色眼線膠筆
☑️睫毛膏-Etude咖啡色睫毛膏
☑️腮紅-LADUREE 浮飾仕女頰彩09
它們家的腮紅顯色度很好包裝也很美
底下還有附贈刷子方便外出攜帶！
我以前收集了好多🤣
☑️口紅-香奈兒水量系列56號
這款買了很久很久 很滋潤擦了以後嘴巴
看著很飽滿 顯色度中間 中間再疊擦別的色
更好看！但就是日常不知道擦什麼 擦這隻沒錯 也很適合冬天有點莓果棕

好啦今天的不專業分享就到這！
謝謝到家看完🥰
https://www.dcard.tw/v2/vivid/videos/6cc99172-44fb-4752-9c09-882601b90aa9?r=1.3333333333333333
https://www.dcard.tw/v2/vivid/videos/7ca90dba-65e3-4aac-916e-b1b2f72ed6ae?r=1.3333333333333333",嗨嗨各位～新年快樂，新的一年開始給自己一點突破，就是完整的拍完一個化妝影片🥲，一直以來我都很喜歡化妝也默默在這裡，分享很長一段時間了 雖然沒有常更新，（跪🧎‍️）之後還是想從這個平台先開始慢慢試著從只有圖,2021-01-03T10:04:33.661Z,2021-01-04T01:15:55.309Z,美妝,makeup,F,
235103274,愛用品&空空賞分享❤️,"大ㄍㄟˉ賀👋隔了半年終於又來分享空空賞了🥳
廢話不多說趕快開始！
—————————我是分隔線————————
我的膚質：混合T字油
No酒槽No敏感肌  

首先先讓我偷渡三個專櫃品><
1. 契爾氏淡斑精華
跟朋友收二手來的約剩三分之一
他用了會長痘但我不會 提供參考～
可能我用的份量太少（？）淡斑沒什麼感覺
但亮白效果我覺得有！ 用完之後感覺又黑回來(༎ຶ⌑༎ຶ)
不過之後也不會再回購啦因為沒錢¯\_(ツ)_/¯😭
https://i.imgur.com/F9kt49p.jpg

2. 蘭蔻 激光煥白精華玫瑰露升級版
家人有認識的櫃姐拿到很多小樣（如圖）
不得不說專櫃的保養品真的有差！（窮學生買不起專櫃啦嗚嗚嗚嗚）
收縮毛孔效果跟保濕比平常開架保養更好🥰
聞起來有酒精味 網路查好像有說含酒精成分 酒槽要小心
https://i.imgur.com/6NALHQO.jpg

3. 蘭蔻零粉感超持久粉底 色號P0-01
堂姐不要給我的
拿來跟fit me 128混合用（色號一個太剛好一個太白😂）
一整天下來（大概10小時上下）沒脫妝也太不會暗沈、頂多暗一點點點而已！
這罐上臉很快就會乾～我會分區上
妝前保濕要做好妝感會更好看 
尤其是乾肌 冬天要更注意保濕
最近天氣冷的時候又用了一次 覺得比熱的時候相比妝感比較沒這麼好（保濕真的要做好啦嗚嗚嗚
版上心得很多 我不是專業的就不多說了但是真的好用👍
https://i.imgur.com/vGCR8EB.jpg

回來開架的懷抱
4. Ample N 線肽保濕精華
保濕不錯～用了幾個月肌膚蠻穩定的
也可作為妝前保養用 跟後續保養也不會打架
有一股淡淡的香味🥰
用了半年已經用一半以上了會想回購🥳
https://i.imgur.com/iduEaon.jpg

5. 媚比琳眼唇卸妝液
眼影跟口紅都可以輕鬆卸 
（沒在用睫毛膏不知道睫毛膏好不好卸🤔）
燻眼我個人覺得不會 
但用完嘴巴感覺會油油（？）的
不知道是卸眼唇的都這樣還是只有媚比琳而已😂
特價不到100塊湊免運買的 有特價會繼續回購
沒用過其他牌子的我無從比較😂😂
https://i.imgur.com/DsNOr0m.jpg

6.Simple洗面乳
洗完不緊繃也不乾 敏感肌也可以用
超大一條可以用很久還很平價！（一條已經用完了這條是新的
不太會起泡有些人可能會覺得洗不乾淨
推薦給一整天不出門或早上習慣用洗面乳洗臉的人
我自己是會想回購！（我就宅👍
⚠️有酒槽用了會長痘⚠️
https://i.imgur.com/XCNaSOd.jpg


7.身體防曬
三個都是SPF50 PA++++
不專業ㄉ簡單評比
不黏程度：安耐曬>妮維雅>雪肌精
好推程度：雪肌精>妮維雅>安耐曬
防曬力：安耐曬>妮維雅>雪肌精
價格（原價）：妮維雅>雪肌精>安耐曬
容量：安耐曬=妮維雅>雪肌精
香味喜好程度：安耐曬=妮維雅>雪肌精
預算不高的適合妮維雅
預算夠可以買安耐曬（去櫃上買還可以凹小樣ㄎㄎ）
不喜歡潤色&時間不多的可以買雪肌精

三條裡面最喜歡安耐曬的凝膠
但防曬還是要記得補擦 之前活動沒時間補
一整天下來還是會變黑（還是大太陽^_^
妮維雅都是日常通勤用的沒長時間曬太陽用過
但網路上的評價蠻好的 俗又大碗
雪肌精的話夏天在台南騎車約兩個小時有曬黑一點
比較適合日常通勤用
但它是三個裡面最好推的 輕輕一推就開
也沒有潤色效果 但含酒精跟很重的酒精味😂！
上臉會有點小燻眼 可能為了省時間我都暴力塗的關係🥲
https://i.imgur.com/KAQnVCE.jpg

再補充一個雪芙蘭的紫色防曬
借同學的來用一次結果超級大起屑！
完全被滅火
分享心得給大家參考～

8. bffect 30%果酸+ 4%杏仁酸煥膚精華
官方寫可代謝肌膚角質，通暢毛孔，改善粉刺問題，恢復肌膚彈性，提亮膚色，淡化細紋。
但我覺得最大的功效是淡痘疤😂😂
半年前有一個剛形成的痘疤現在已經不見了
但對於陳年痘疤&痘印感覺沒什麼效只能靠醫美😢
自己使用期間沒有大爆痘 如果用酸類反而長痘是正常的過渡期！
⚠️用酸類記得注意保濕&防曬⚠️
https://i.imgur.com/0D4rpRp.jpg

9.innisfree眉筆 深棕色
從高中用到現在 便宜又好用
畫起來蠻順的就沒想換他牌的了😂😂
油肌建議先用蜜粉定妝會比較不容易掉色！
缺點就是蓋子很鬆 上一隻用到剩一點蓋子就不見了🙃
現在的又用到只剩一邊氣死🙂🥲🥲
https://i.imgur.com/60dRL9w.jpg

10.艾多美洗面乳
⚠️單純討論產品本身⚠️
跟我媽一起用了三、四條
清潔力還不錯洗完也不會特別緊繃
用了也不會致痘會繼續回購～
https://i.imgur.com/XYQFPp1.jpg


原本想去年年尾發的但太忙了只好拖到現在發😂🤣
如果有哪裡打錯的我再修改太久遠了（喂",大ㄍㄟˉ賀隔了半年終於又來分享空空賞了🥳，廢話不多說趕快開始！，—————————我是分隔線————————，我的膚質：混合T字油，No酒槽No敏感肌，首先先讓我偷渡三個專櫃品><，1. 契爾氏淡斑精,2021-01-03T09:59:37.785Z,2021-01-04T03:44:54.349Z,美妝,makeup,F,
235103132,#討論 想問一下你們香水(100ml)大概多久噴完,"去年11月左右買香水的時候一直在糾結要買Dior Higher還是Chanel Allure Homme 最後還是因為價格和第一次入手的種種原因選了稍微便宜的Dior Higher(因為是淡香),但是還是對Chanel Allure Homme 念念不忘,兩款的香味都太好聞了都好想要🥺🥺,所以在這邊問一下你們大概用了多久才噴完

我的使用頻率是只有上課和出門逛街的時候才會噴,不會補噴",去年11月左右買香水的時候一直在糾結要買Dior Higher還是Chanel Allure Homme 最後還是因為價格和第一次入手的種種原因選了稍微便宜的Dior Higher（因為是淡香），但是,2021-01-03T09:23:53.923Z,2021-01-03T09:23:53.923Z,美妝,makeup,M,
235103095,吃中藥會爆痘嗎,"如題 最近想吃中藥改善油痘肌 希望能降低出油量以及燥熱體質(身體真的超躁熱 這種冷的要命的天氣 身體還是常常莫名有一股很熱的火....) 
但是這個月有很多社交活動要參加 很怕一開始吃會排毒然後大爆痘.....想問一下有吃過中藥治痘的大家 一開始有爆痘嗎🙏🙏🙏",如題 最近想吃中藥改善油痘肌 希望能降低出油量以及燥熱體質（身體真的超躁熱 這種冷的要命的天氣 身體還是常常莫名有一股很熱的火....），但是這個月有很多社交活動要參加 很怕一開始吃會排毒然後大爆痘.,2021-01-03T09:15:30.653Z,2021-01-03T09:15:30.653Z,美妝,makeup,M,
235102965,#請益 酒糟性皮膚炎 用藥,小弟一直有輕微的酒糟性皮膚炎，平常有在擦「柔潔」這個藥，但最近好像因為肺炎疫情的關係，找了十幾間藥局都說斷貨了，想請問有沒有人遇到相同的困擾呢？,小弟一直有輕微的酒糟性皮膚炎，平常有在擦「柔潔」這個藥，但最近好像因為肺炎疫情的關係，找了十幾間藥局都說斷貨了，想請問有沒有人遇到相同的困擾呢？,2021-01-03T08:54:51.670Z,2021-01-03T08:54:51.670Z,美妝,makeup,M,
235102825,Romand 霧面幫挑色🙏,"最近看到有人塗，然後我就被煞到了啦ಠ_ರೃ
但是我看了好幾個顏色覺得都好美（（心動啊💓
因為我口袋都是偏橘的色調，突然想要一隻紅棕色的唇釉
直接一個選擇障礙⋯歐吼(´･_･`)
好廢話不多說！進入主題！╭(°A°`)╮
#霧面19
https://i.imgur.com/UaXkCcl.jpg
看他塗起來淡淡的，but我看其他賣家拍的超深啊(;´༎ຶД༎ຶ`)
#霧面20
https://i.imgur.com/htuAH1h.jpg
這隻感覺很有氣勢
#韓服半霧面09
https://i.imgur.com/YAqAJiF.jpg
⬇️這是賣場圖
https://i.imgur.com/dXoJBUi.jpg

希望有人能幫我解決選擇障礙啦ಠ_ರೃ
謝謝謝謝謝謝謝謝(˶‾᷄ ⁻̫ ‾᷅˵)",最近看到有人塗，然後我就被煞到了啦ಠ_ರೃ，但是我看了好幾個顏色覺得都好美（（心動啊，因為我口袋都是偏橘的色調，突然想要一隻紅棕色的唇釉，直接一個選擇障礙⋯歐吼（´･_･`），好廢話不多說！進入主題！,2021-01-03T08:25:13.667Z,2021-01-03T08:25:13.667Z,美妝,makeup,F,
235102745,#試色 2020開架版 7隻橘色系唇彩推薦💄,"嗨囉大家好~我是定定，好久沒在這裡分享唇彩了，這次要推薦7隻開架版橘色系唇彩給你們，2020我最愛的色系，幾乎都是霧面質地，有橘杏色、粉橘色磚橘色、橘紅色各種橘色都有～往下看看吧~

https://i.imgur.com/reTrAh5.jpg

1. clio傾心狂想緞霧海綿唇釉
https://i.imgur.com/catTjzd.jpg
#10如焦似漆
柔美的淺橘焦糖色
-
筆頭是水滴型海綿，可以畫出漂亮的漸層妝效，質地輕盈保濕且舒適，添加保濕成份玫瑰果油，服貼度高，不乾燥緊繃。

2. clio傾心狂想緞霧保濕唇膏
https://i.imgur.com/DCcFZsV.jpg
#08南瓜馬車
最顯白橘紅色，百搭色系，去哪都很適合
-
包裝下圓上方並加長管身更好塗抹，質地輕盈不緊繃，附著力高，上唇後輕薄顯色且舒適，質地能平滑一些唇紋，持久度不錯，添加保濕成分玫瑰果油，不會覺得很乾。

3. missha霧面絲絨唇膏
https://i.imgur.com/m28phpm.jpg
#26楓葉磚橘色🍁🧱
這顏色好🔥～永遠看不膩的顏色💕
-
四方形的磨砂磁吸外殼很有質感，質地滑順濃郁，一抹就飽和，妝效是絲絨霧面，上唇保濕度夠，過一段時間也不會拔乾，我覺得這隻不太顯唇紋，有多少顯多少，持久度蠻好的，會沾杯。

4. 4u2我的天鵝絨唇膏
https://i.imgur.com/iOARhzj.jpg
#yrm16
正宗的南瓜橘色🎃夏天邁入秋天的好選擇～
-
塑膠旋轉殼的包裝顏色跟色號一樣很可愛，唇膏頭是做成平的，質地濃郁滑順而且非常飽和！
妝感是絲絨霧面，足夠保濕不會乾，唇紋有多少顯多少不會特別顯唇紋，持久度不錯，會沾杯，不會染唇也很好卸除。
這隻除了包裝是旋轉蓋我不愛之外幾乎沒什麼缺點，而且一隻才$159，真的是CP值很高的唇膏！

5. bevy.c經典微醺柔霧光唇釉
https://i.imgur.com/JtGMvnQ.jpg
#1970龍舌蘭日出
楓葉色，少了點棕色的土調，低調內斂卻又質感爆棚的唇色🥰
-
莫蘭迪色的長方體包裝很有質感，刷頭大小剛好易於描繪唇形，唇釉質地一開始是濕潤的奶油感，過一些時間慢慢會轉變為全霧面的妝效，且服貼度和飽和度高，

因為全霧面的關係如果唇狀不好的話容易顯唇紋，所以擦這款唇釉前需要用護唇膏或是他們家的護唇油事先打底，會更舒適一些，服貼度也會更好～
另外唇釉持色效果很好，幾乎不太會沾杯，也不需要太常補妝，唯一小缺點就是它過一段時間變成全霧面後抿嘴有些黏。

6. romand音感絲絨霧面唇
https://i.imgur.com/BrZXRM0.jpg
#M01紅色帶點橘棕色調的顏色 顯白又百搭～﻿
-﻿
這是一隻又愛又恨的唇膏呢～﻿顏色很美沒錯但同時缺點又很多😨﻿
﻿霧面質地偏乾建議先塗護唇膏才比較不會拔乾，唇膏飽和度高又服貼，塗一次就可達到想要的顏色，﻿唇紋部分有多少顯多少，如果唇況不好這隻會覺得蠻乾的😢，持久力中上、會沾杯。﻿
﻿
灰色的磨砂殼上面有音符🎵的圖案很可愛，但是邊邊角角如果一直常常放包包會變黑的，有時候看到會有點阿雜，很care外包裝的人想買這隻前可能要斟酌一下😂﻿

7. romand絕對零感霧面唇釉
https://i.imgur.com/Vpce4Y8.jpg
#5witty神美的磚橘紅色
-
唇釉圓柱狀的蓋子是磨砂材質，很有質感～質地是奶油感、慕斯狀，比較稠的那種，就像液態的霧面唇膏一樣，上唇絲滑好暈染，而且有柔焦感，很適合做漸層唇妝，我平常使用方式是先塗上嘴唇內側再用手暈、拍開來，就會有很自然的漸層效果～

唇釉持久力很棒，會沾杯但吃完飯不會掉太多，嘴唇還是有五成的顏色在，我覺得這款霧面唇釉算是不太會顯唇紋的，而且也不會乾、黏，非常棒棒棒！

如果下次想看專櫃版或其他色系，歡迎留言給我喔~",嗨囉大家好~我是定定，好久沒在這裡分享唇彩了，這次要推薦7隻開架版橘色系唇彩給你們，2020我最愛的色系，幾乎都是霧面質地，有橘杏色、粉橘色磚橘色、橘紅色各種橘色都有～往下看看吧~，1. clio傾心,2021-01-03T08:06:32.205Z,2021-01-03T12:53:37.243Z,美妝,makeup,F,
235102668,#分享 辣個...都沒有人發現這麼省的嗎😳男生趕快分享給女朋友🥲（有圖有影片,"更
—————————
我只是想要分享我的小發現🥲沒想到大家都那麼熱情的批評🥲用前用後都會擦的乾乾淨淨的🥲啊覺得噁心的可以不用那麼做🥲大家笑笑看待就好🥲感謝
.
我超愛這隻Mac的口紅！
色號：paramount 
已經用完兩隻٩(˃̶͈̀௰˂̶͈́)و
可是現在太窮買不起第三隻又超愛就只能找方法用，剛開始用手挖，現在手指頭已經無法，被我發現超讚超方便的方法(≧▽≦)
以下：
先有一隻Mac 
https://i.imgur.com/1FC2Vos.jpg
已經用完了
https://i.imgur.com/ccJPx8s.jpg
把你mac 的蓋子壓上去！轉它
https://i.imgur.com/M0t3YTp.jpg
完整動作（影片
https://www.dcard.tw/v2/vivid/videos/197423ae-e233-4392-8a59-c7d71cbb5951?r=1.7777777777777777
真的有用啦！因為沒錢開啟新技能
剛發現的時候超開心，不用多買口紅了！！我真聰明(☆_☆)喔對了我都有擦乾淨用，用完也擦乾淨",更，—————————，我只是想要分享我的小發現🥲沒想到大家都那麼熱情的批評🥲用前用後都會擦的乾乾淨淨的🥲啊覺得噁心的可以不用那麼做🥲大家笑笑看待就好🥲感謝，.，我超愛這隻Mac的口紅！，色號：par,2021-01-03T07:48:20.452Z,2021-01-04T14:58:19.809Z,美妝,makeup,F,
235102611,#情報 徵霧眉Model _高雄,"• 地點：高雄苓雅
• 費用：免費
• 時間：平日18:30後/假日全天皆可安排時間
• 操作時間：約3～4小時(需耐躺、不趕時間者)

尋找對象：
☝🏼需無施作過霧眉或飄眉者
✌🏼需同意拍攝術前術後照並收錄至作品集
👌🏼需同意幫忙追蹤及分享標記 instagram 



不可施作對象：
👉🏾糖尿病、心臟病、皮膚病、懷孕及哺乳期
     （有任何疾病請務必先告知）
👉🏾施作部位有毛囊炎或傷口者

有興趣的人都可以留言＋１
滿20人就會開表單喔！謝謝妳們☺️

附上照片👇🏼
https://i.imgur.com/AduhW1F.jpg",• 地點：高雄苓雅，• 費用：免費，• 時間：平日18：30後/假日全天皆可安排時間，• 操作時間：約3～4小時（需耐躺、不趕時間者），尋找對象：需無施作過霧眉或飄眉者，需同意拍攝術前術後照並收錄至作,2021-01-03T07:31:22.852Z,2021-01-03T07:31:22.852Z,美妝,makeup,F,
235102604,#分享 💫 2020 彩妝保養好物&一點雷物分享,"哈囉大家好～
去年算是我買了很多彩妝的一年（但其實也沒有很多啦）
來跟大家分享一下去年用過的好物還有雷物
因為是窮學生，所以商品都是開架！

我的膚質：夏天 / 混合油；冬天 / 混合乾
購物是以產品顏值為取向，有時候會踩雷🥲

💫好物區

🟡 ZA 旋轉眉筆
https://i.imgur.com/OcBu6eL.jpg
原價：$190
我用的是 GY951
用過第一次驚為天人之後就固定愛用了
筆頭滿細，發色也不明顯，非常適合新手的眉彩
改版之後顏色有一點小差異，不過我覺得 ok，畢竟包裝的粉紅色變可愛了🤣
在還沒找到更好用的眉筆之前，應該就固定愛用他了！

🟡 INTEGRATE柔焦輕透美肌粉餅 OC10
https://i.imgur.com/GdwSny1.jpg
原價：$370
我原本是用 za 的兩用粉餅，有一次到實體架上摸到 integrate 之後就決定要買它了😍
粉質真的好細（我還去摸了fit me 、za、visee，v牌其實也滿好摸的)
剛開始上妝粉感有點明顯，出油之後是超美的奶油肌
粉撲很軟Q，很好用
遮瑕力感覺可以遮個7、8成，遮蓋毛孔力也算滿優秀的
我買的色號跟臉的膚色太相近了，因為我的脖子比較白看起來太奇怪了🤣
但因為他的妝感太好看，所以還是勉強用一下

🟡 ETUDE HOUSE 香醇烘焙麵包屋眼彩盤
https://i.imgur.com/7PntSUq.jpg
原價：$990
因為台灣價格太貴了，所以是從代購購入的
眼影盒本身算有質感的，是霧面的塑膠材質
霧面色都還算優秀，亮片色摸起來有點粗糙，都會有點小飛粉
缺了一個深色，感覺少了一點百搭性
但是妝感很清淡，是我的菜沒錯了👌

🟡 HEME 三色修容餅 01
https://i.imgur.com/gWnWhCE.jpg
原價：$360
看了寇瑞分享，本來是 I’MMEME 跟 HEME 在猶豫
但 HEME 是台灣自有品牌，所以決定支持一下
我很喜歡他的淺色格，用來刷鼻影很棒！
非常自然的修容盤，也不用擔心下手過重，很適合新手

🟡 HEME 晶緻亮采餅 02 Peach Glow
https://i.imgur.com/0Bh0CTX.jpg
原價：$270
這塊是跟修容餅一起購入的，印象中買了一個組合便宜2塊錢🤣
2號色疊擦腮紅顏色很美～
我比較喜歡自然的妝感，HEME這盤的光澤偏水光，不是很囂張的亮度，很符合我的要求

🟡 SOLONE 極潤緞光唇膏 07 戀人焦糖奶茶
https://i.imgur.com/wS5Qmh3.jpg
原價：$350
一直想買橘棕色調的唇膏，實際摸到這支包裝的時候就決定要把它帶回家
磁吸式的包裝真的很讚！常常玩這支唇膏
這支不是純霧面的，所以吃個東西口紅就會需要再補一下
包裝結構有點設計不良，剛開始在開關的時候會刮到膏體，導致蓋口容易沾染唇膏ಥ_ಥ
但不影響我對他的愛～因為真的好好看😍

🟡 L’Oréal 粉霧訂製唇膏 312
https://i.imgur.com/R38FKZw.jpg
已下架
這這支是霧面唇膏，我是乾唇人，但我用這支很ok
顏色是很好看的橘紅色，很顯白
還沒上市就超級期待這支
實體真的很美，唇膏殼不是很廉價的塑膠感，拼色超可愛
原本還想再購入314，猶豫得太久就沒貨了😂

🟡 SOLONE 立體陰影刷具組
https://i.imgur.com/uyyzw3Y.jpg
原價：$470（已下架）
我買的是 Kitty 版（買完沒多久就出了沒有kitty 的，可⋯可惡）
是打亮刷+修容刷+鼻影刷為一個組合
刷毛很軟，不扎臉，洗了也滿快就乾了，推推
最近在觀望粉底刷，可是又想買林三益的，好猶豫🥺

🟡 VICHY M89火山能量微精華
https://i.imgur.com/smvQIWj.jpg
原價：$1480
我是在 mono 買的組合價比較划算！
本來感受不到他的好，覺得用起來有點雞肋
直到有一天爆粉刺又脫皮，拿它來急救之後才發現它的修護真的棒👍
用起來也很清爽不油膩，但我不會妝前擦它，莫名容易起屑ಥ_ಥ

🟡 DR.WU 杏仁酸亮白煥膚精華 15ML
https://i.imgur.com/s72gc1q.jpg
原價：$800
最先入手的是 18% 的，消粉刺真的有感
可是之後買了一瓶 8% 之後就開始會脫皮了ಥ_ಥ
但因為他消粉刺真的有感，所以還是放在好物裡面🤣

🟡 美樂家 舒緩滋養乳液
https://i.imgur.com/x5waHr0.jpg
📍我們家有會員，但不會去幫忙拉會員，只是純粹覺得東西好用
乳液很滋潤（但有點油）
我只會在換季、冬天擦它
擦完也不會亂長東西，覺得讚讚👍

🟡 L’Oréal 花萃馥活精華 茉莉小蒼蘭
https://i.imgur.com/jOs4k5S.jpg
原價：$590
我本來是用玫瑰味的，但是看到小蒼蘭的包裝覺得好看，裡面還有一支花超酷
剛開始擦的時候被前調嚇到，因為超級甜😭
本來想把它們直接送給我妹用了🤣
可是後調是舒服的白麝香，還是把它留著了
滋潤度也很夠，味道也比玫瑰有層次，果斷拋棄玫瑰

👻雷物區

⚫️ CANMAKE 睫毛復活液
https://i.imgur.com/Am7Ai5W.jpg
我本身睫毛算滿長的，希望刷起來比較自然，才決定入手
沒想到⋯它會結塊 ಠ_ಠ，然後黏在我的睫毛上
超崩潰，我只刷了2、3次之後就把它冷凍了😭

⚫️ I’MMEME 我愛染霧轉轉唇膏 04
https://i.imgur.com/UtmNfPI.jpg
我上唇太螢光了，嚇死🤣
但是當作打底色還算ok ಥ_ಥ

（突然覺得我踩雷機率也沒有很高捏🤔）


最後是小小的購物清單分享

◾️ 艾杜紗 魔束捲翹睫毛底膏
◾️ HEME 絢光腮紅 01 Golden Peach
◾️ INTEGRATE 超順手抗暈染眼線膠筆

謝謝看到這邊的大家，新年快樂🎋",哈囉大家好～去年算是我買了很多彩妝的一年（但其實也沒有很多啦），來跟大家分享一下去年用過的好物還有雷物，因為是窮學生，所以商品都是開架！，我的膚質：夏天 / 混合油；冬天 / 混合乾，購物是以產品顏值,2021-01-03T07:29:02.284Z,2021-01-04T04:32:17.687Z,美妝,makeup,F,
235102601,#情報 新竹東門圓環 直銷,"請大家小心
今天在吃文昌雞時
看到3位愛*妮的直銷人員一直攔阻路人推銷
超難纏⋯⋯⋯

穿著一樣的褲子 仔細看褲子有愛*妮logo
https://i.imgur.com/OTmvIiv.jpg
補個美妝點：

GA200 很溫柔的豆沙棕色 
對於黃皮來說完全可以駕馭
感覺和新色209可以完美搭配
https://i.imgur.com/f9gdCSP.jpg
https://i.imgur.com/3BbGjdG.jpg",請大家小心，今天在吃文昌雞時，看到3位愛*妮的直銷人員一直攔阻路人推銷，超難纏⋯⋯⋯，穿著一樣的褲子 仔細看褲子有愛*妮logo，補個美妝點：GA200 很溫柔的豆沙棕色，對於黃皮來說完全可以駕馭，感,2021-01-03T07:28:25.383Z,2021-01-03T10:28:27.643Z,美妝,makeup,F,
235102584,#分享 2020年末新品 MAC唇釉新品、heme絢光腮紅、年度愛用品！,"哈囉我是阿粉！
首先是MAC新色 977 fashion emergency😍
之前有試色給大家看過！這邊仔細介紹
https://i.imgur.com/XbpVh79.jpg
這是厚塗的樣子🔥秋冬系莓果色！！
帶紫色調的酒紅色真的太好看
自己其實更喜歡薄塗 更溫柔(˶‾᷄ ⁻̫ ‾᷅˵)
https://i.imgur.com/JxdGwSW.jpg
MAC刷頭不是斜角刷 是圓頭的 也很好上唇！
奶霜質地、不顯唇紋、不扯皮、超持久！！
辦活動一整天還有去跨年都跟剛擦一樣美🥺❤️

https://i.imgur.com/5oQRDyj.jpg
再來是上次刷色後整個愛上的heme絢光腮紅
真的完全沒失望🌸🌸🌸
粉質很細珠光很細 還可以當眼影！！
https://i.imgur.com/vE0mpVE.jpg
上臉完全不會顯毛孔～～
正在考慮要不要02號也收下去👻👻
**補充今天第二次上臉
動起來那個偏光真的好美啊啊啊！！！
拜託大家收！！！🔥

接下來是年度愛用品！！！！
https://i.imgur.com/THlyd7v.jpg
這支我真的愛用超久了 從舊版用到新版
新版紫色可以校正蠟黃 自然提亮不死白
黃肌必備 大推！但乾肌不適合 會太乾><
平常都只擦這條+口紅就出門！

https://i.imgur.com/sPGi5dC.jpg
https://i.imgur.com/fJeKabo.jpg
今年首度入了粉餅的坑！
這款粉質很細、自然薄透 超透氣！！
之前用是粉底液 用了這款粉餅之後整個回不去
遮瑕力不高但可以疊加 而且粉感不會變重！
還有！不暗沉！這點超棒！

https://i.imgur.com/83FNOJK.jpg
這色號偏深 因為我黑眼圈真的爆深⋯⋯
這支是我試過好多牌子 上在眼下相對保濕的！

https://i.imgur.com/AAZV2np.jpg
這盤粉質真的比前幾盤好暈染、滑順
同時可以橘色、粉色、大地色眼妝超實用❤️
亮片色超好看！！又持久不會掉到眼下一堆！
而且EH的眼影棒很好用
用眼影棒壓亮片上去真的不掉粉～～
（新出的皮革工作室粉質到底為什麼那麼問號 超卡 我就不知道ㄌ⋯）

https://i.imgur.com/M3oL0J4.jpg
Solone單色眼影 珠光色超推！
（包裝上面居然沒寫色號 抱歉大家）
謝謝 B1 幫忙 色號是82😍！
這顆不同角度可以會反射黃色～橘色的粉
不說還以為用三個色化的 超棒 懶人必備！！

https://i.imgur.com/52NPgpj.jpg
我最愛的液態腮紅！！！！
出門超快超方便 點一點、拍一拍就完成！
https://i.imgur.com/cagcvff.jpg
長得超像指甲油🤣🤣🤣🤣
BE01 裸色超百搭
VL03 紫色調超顯白
液態腮紅也不會讓臉上增加粉感
沒用過的一定會入坑 推薦給朋友之後她天天擦🔥

https://i.imgur.com/jE2u0I0.jpg
https://i.imgur.com/KhoV43x.jpg
超級日常的MLBB色 素顏完全可！
這支真的乾 上之前一定要護唇膏 但很不掉色！
（但不會乾到抿不開 薄擦厚擦都ok）
超愛這色 有陣子天天擦😍

https://i.imgur.com/epRQpPK.jpg
https://i.imgur.com/DL8vWpw.jpg
這支剛上唇是濕濕的 很容易暈染、做咬唇妝
乾了之後是霧面 而且超持久😍
（超級爛得補妝所以熱愛持久的唇膏！）
我自己喜歡薄擦 活力可愛哈哈哈哈
後擦是正橘紅！爛番茄色 很有氣勢🔥

好的！以上就是2020的年度愛用品！
最推薦年末的MAC和heme新品
還有A’pieu果汁腮紅和3CE雲朵唇釉！

大家的年度愛用品是什麼呢！😍

如果想看更詳細的介紹有影片發在YTB版
有興趣的話可以去看看
https://www.dcard.tw/f/youtuber/p/235097801?cid=A77666A6-6D6A-45FD-9835-D89D5E3539AB

大家新年快樂！

-
阿粉日常",哈囉我是阿粉！，首先是MAC新色 977 fashion emergency，之前有試色給大家看過！這邊仔細介紹，這是厚塗的樣子秋冬系莓果色！！，帶紫色調的酒紅色真的太好看，自己其實更喜歡薄塗 更溫柔,2021-01-03T07:25:05.781Z,2021-01-03T18:08:52.897Z,美妝,makeup,F,
235102571,#請益 Ksolite的護手霜,"https://i.imgur.com/JFajuyV.jpg
這是今天和學生交換禮物抽到的護手霜，但上網查過這個牌子的評價，好像都沒有人用過？！？
所以想上來問問看大家有沒有用過這個跟好不好用～",這是今天和學生交換禮物抽到的護手霜，但上網查過這個牌子的評價，好像都沒有人用過？！？所以想上來問問看大家有沒有用過這個跟好不好用～,2021-01-03T07:22:30.628Z,2021-01-03T07:22:30.628Z,美妝,makeup,F,
235102481,#請益 小紅書🔥YSL 新色,"https://i.imgur.com/cdfoqNe.jpg
想問這個系列台灣會上嗎？
因為我前幾天去百貨公司問，他們當時說沒有，那個1966我真的好想好想到手啊😭😭😭",想問這個系列台灣會上嗎？因為我前幾天去百貨公司問，他們當時說沒有，那個1966我真的好想好想到手啊,2021-01-03T07:03:43.125Z,2021-01-03T07:03:43.125Z,美妝,makeup,F,
235102456,#情報 徵 - 台南“免費”霧眉麻豆,"🌷徵免費霧眉麻豆(未做過眉毛為主)

。一人一針具，拋棄式針頭安全無疑慮
。麻豆需沒有霧眉過
。合格植物性天然色乳
。眉型眉色皆會溝通完才會開始操作

⭐需求：霧眉麻豆
。地點：台南
。操作時間：4小時

💰費用：免費一次/人（不含補色）

⭐填完表單，確認符合者，會用LINE通知
(麻煩關注自己的LINE好友通知唷~)

⚠️注意事項
無法配合及無法守時者請勿預約哦~謝謝💕
✅此次麻豆限女生
✅無霧眉、飄眉經驗
✅守時
✅耐躺
✅需素顏
✅需拍照配合網路公開分享，定期追蹤回傳LINE給我後續留色狀況
✅追蹤IG、FB按讚反饋及後續追蹤
🚫完美主義者
🚫無故不到
🚫趕時間
🚫孕婦/疑似孕婦
🚫強迫症

是新手，進修完想練速度，需要累積作品😊
報名的各位請務必承擔，勿吹毛求疵及惡意找麻煩😅
+1滿20人會開放填單，填寫/評估完會聯繫的哦
超級完美主義者麻煩略過填單唷謝謝～😉

https://i.imgur.com/44rbk89.jpg",徵免費霧眉麻豆（未做過眉毛為主），。一人一針具，拋棄式針頭安全無疑慮，。麻豆需沒有霧眉過，。合格植物性天然色乳，。眉型眉色皆會溝通完才會開始操作，⭐需求：霧眉麻豆，。地點：台南，。操作時間：4小時，費,2021-01-03T06:57:25.646Z,2021-01-03T06:57:25.646Z,美妝,makeup,F,
235102363,#試色 Make up for ever 藝術家-星球,"這兩隻火星和土星是贈品啦 我個人不會用這個顏色
塗起來真的閃到爆炸 從裡閃到外 
適合Party night
味道蠻甜的
這麼閃塗起來不用說 可以感受到很多亮片
不好卸妝 建議小心一點 不然亮片會跑到其它地方 到時候整張臉都bling bling的
紅火星 棕土星
https://i.imgur.com/2a1Dtg9.jpg

https://i.imgur.com/UqqBTPw.jpg",這兩隻火星和土星是贈品啦 我個人不會用這個顏色，塗起來真的閃到爆炸 從裡閃到外，適合Party night，味道蠻甜的，這麼閃塗起來不用說 可以感受到很多亮片，不好卸妝 建議小心一點 不然亮片會跑到其,2021-01-03T06:39:03.035Z,2021-01-03T10:13:05.842Z,美妝,makeup,F,
235102318,#分享 很給力💪敏感肌的冬天保養戰將們,"2021首發就現給美妝版了～💕
今天來分享微敏感肌人用了一陣子的好物
跨年這幾天冷到爆我的膚況也沒有因此出亂子，覺得很給力
每個都給5顆星⭐⭐⭐⭐⭐
 
（以下圖片擷取自網路）
 
https://i.imgur.com/hptNaiS.jpg
化妝這麼多年，這罐已經回購好多好多次了！
溫和不刺激還卸的超乾淨！沒有討厭的油油感覺
一般化比較淡的眼妝的話這罐也能輕鬆卸除
推薦！
 
https://i.imgur.com/g3MQVND.jpg
它的質地比一般水再稠一點，我都當做化妝水用
沒有酒精成分和酸類在，可以拿來濕敷也不怕肌膚敏感
持續用的話有覺得臉比較透亮
但就是要濕膚效果才比較明顯
有特價我都會回購！
 
 
https://i.imgur.com/G5DB27i.jpg
之前被朋友推入坑的防曬
我很討厭有些防曬擦完會黏手或咬手
但這支真的超清爽的！
擦完後面上妝也好容易　不會打架
目前手邊的用完也會繼續回購！

https://i.imgur.com/gM1Dk9g.jpg
契爾氏的冰河醣保濕霜是我從大一就愛用到不行的好物
保濕效果真的沒話說的好
尤其冬天容易引起的泛紅乾癢問題這罐擦完隔天會改善很多
當作妝前打底也很讚，反正就白天晚上都會使用到就對了
是冬天必備戰將絕對有它！
剛剛看LINE又有8%回饋，很心動要不要再補一罐😂 

https://i.imgur.com/AhuGCR5.jpg
這瓶是朋友之前送我的
洗完的保濕效果很棒，不乾也不澀
臉很舒服清爽
一開始還不知道哪來的牌子(沒見識的傢伙！)
上網查才知道其實很有名！
這家東西也蠻多人推薦的
有機會應該會再多試試幾樣！
 
 
其實還有一些精華、噴霧類的產品
但對我來說覺得沒有到超好用或是替代性高就不放上啦～～
以上小小分享給有需要的朋友😊",2021首發就現給美妝版了～今天來分享微敏感肌人用了一陣子的好物，跨年這幾天冷到爆我的膚況也沒有因此出亂子，覺得很給力，每個都給5顆星⭐⭐⭐⭐⭐，（以下圖片擷取自網路），化妝這麼多年，這罐已經回購好多,2021-01-03T06:27:40.869Z,2021-01-03T06:27:40.869Z,美妝,makeup,F,
235102316,有人買了這個系列嗎,"整個被這個外殼燒到👀
但沒買過他家的唇膏，想先問一下大家對他們的評價~
我目前買過的是
迪奧999、651
蘭蔻 忘記色號
雅詩蘭黛 204、304
紀梵希
我比較偏好雅詩蘭黛的膏體狀況
因為我是懶惰的人所以喜歡口紅是保濕度高一點的~
順帶一提我大愛霧面唇膏啦
歡迎推薦❤
https://i.imgur.com/0UpAonv.jpg",整個被這個外殼燒到，但沒買過他家的唇膏，想先問一下大家對他們的評價~，我目前買過的是，迪奧999、651，蘭蔻 忘記色號，雅詩蘭黛 204、304，紀梵希，我比較偏好雅詩蘭黛的膏體狀況，因為我是懶惰的,2021-01-03T06:27:28.013Z,2021-01-03T11:53:29.180Z,美妝,makeup,F,
235102287,#請益 想問大家對純素保養的看法！,大家好因為課堂ㄉ關係想要問問大家有沒有聽過純素保養！那在台灣其實很多品牌都開始做純素保養想問大家最後會決定購買一個品牌的產品的考量是什麼？（不一定是純素品牌啦只是想知道大家會被什麼東西所打動）還有就是想問大家是不是真的對品牌有很高的黏著度，一旦有了習慣的品牌就不想要嘗試他牌的產品ಥ_ಥ 我真的是分析問卷做報告做到快崩潰上來跟大家聊聊天大家拜偷陪我聊天～～～,大家好因為課堂ㄉ關係想要問問大家有沒有聽過純素保養！那在台灣其實很多品牌都開始做純素保養想問大家最後會決定購買一個品牌的產品的考量是什麼？（不一定是純素品牌啦只是想知道大家會被什麼東西所打動）還有就是,2021-01-03T06:20:08.628Z,2021-01-03T06:20:08.628Z,美妝,makeup,F,
235102274,#分享 ❤️2020空空賞-化妝品&盥洗用品,"https://i.imgur.com/A4rOJgg.jpg
/
#化妝品#makeup

https://i.imgur.com/AcQMA6T.jpg
▪️𝐒𝐨𝐥𝐨𝐧𝐞 #神隱修容餅#03#暖褐色
這已經是我用空的第二塊solone修容了
超級好用 陰影很自然
之前親戚直接問我是不是去隆鼻
都是這塊修容的功勞 真的超好看
新版的有專門的盒子 很方便
用量偏快但沒有很誇張 價格超級親切所以完全沒問題～
回購率｜⭐️⭐️⭐️⭐️⭐️
▪️𝐊𝐈𝐒𝐒𝐌𝐄 #零阻力絲滑濃黑眼線液筆
我已經用完好幾支的眼線筆
也還有一堆存貨 真的超愛
畫起來很滑順 筆尖很好勾勒眼線
畫細的跟粗的眼線都沒問題
對我來說不會暈 也很好卸👍
回購率｜⭐️⭐️⭐️⭐️⭐️
▪️𝐞𝐱𝐜𝐞𝐥 #3合1持久造型眉筆
新手友好的一款眉筆 真的蠻好用的
不會太顯色但又很好上色
筆形很好描繪眉型
價格以開架來說偏高 建議去日本再買
回購率｜⭐️⭐️
-
#盥洗用品#toiletries

https://i.imgur.com/D7e1P7O.jpg
▪️𝐀𝐐𝐔𝐀𝐈𝐑阿葵雅 #淨水賦活洗髮精#控油款
被中東油田婊姊燒到的洗髮精
控油程度真的很好 一整天都沒問題
這種控油洗髮精最怕就是太乾 但這罐完全不會！
用起來頭皮會有一點點涼涼的 感覺不明顯 冬天還是能繼續用
價格方面非常平易近人
現在已經在用前陣子買的1000mL超大罐的了～
回購率｜⭐️⭐️⭐️⭐️
▪️𝐌𝐀𝐑𝐕𝐈𝐒 #classicstrongmint
牙膏界的愛馬仕！
包裝很美很有質感
涼度不如黑人牙膏 但蠻剛好的
用起來覺得沒什麼特別的 就是賣比較貴
有添加氟 有致痘的風險
回購率｜⭐️
▪️𝐂𝐡𝐫𝐢𝐬𝐭𝐨𝐩𝐡𝐞 𝐑𝐨𝐛𝐢𝐧 #海鹽舒緩頭皮潔淨霜
超愛這款頭皮潔淨霜！！！
質地是很濃稠有大顆海鹽的膏狀
用量很省 一點點就能洗整顆頭
味道超級好聞超級療癒超級高級
而且味道很持久
洗完整個頭髮偏乾跟蓬鬆 但不是髮質變差的感覺
洗完真的有清潔頭皮的感覺
價格偏高 但真的很值得
回購率｜⭐️⭐️⭐️⭐️
-
#空空賞#empties#mdmmd#solone#kissme#excel#aquair#marvis#christopherobin",/，#化妝品#makeup，▪️𝐒𝐨𝐥𝐨𝐧𝐞 #神隱修容餅#03#暖褐色，這已經是我用空的第二塊solone修容了，超級好用 陰影很自然，之前親戚直接問我是不是去隆鼻，都是這塊修容的功勞 真的超好看,2021-01-03T06:18:37.930Z,2021-01-03T06:18:37.930Z,美妝,makeup,F,
